#chr	start	end	mean_bad	id	max_cover	ref	alt	n_reps	ref_comb_es	alt_comb_es	ref_comb_pval	alt_comb_pval	ref_fdr_comb_pval	alt_fdr_comb_pval	pref_allele	comb_es	comb_pval	fdr_comb_pval
chr1	16613698	16613699	1.3333333333333333	rs1762929	66	G	A	3	-1.1675291550292908	2.0192587496328955	0.9999964200041669	9.491370789742482e-08	1.0	0.00018489190298418356	alt	2.0192587496328955	9.491370789742482e-08	0.00018489190298418356
chr1	155227524	155227525	1.625	rs189462506	67	G	C	4	1.7582775907123023	-0.4529205300312096	1.7425988414863716e-06	0.9999369214255328	0.003394582543215452	1.0	ref	1.7582775907123023	1.7425988414863716e-06	0.003394582543215452
chr19	49363758	49363759	1.0	rs2288480	45	C	G	4	-0.6358675567918474	1.07931588014287	0.9924394401585742	0.00022954781473378145	1.0	0.08943182862028126	alt	1.07931588014287	0.00022954781473378145	0.08943182862028126
chr3	125916029	125916030	2.6666666666666665	rs7644184	44	T	C	3	1.806129553755964	-1.3414571399934094	1.7225777403494618e-05	0.972505635368036	0.011185271460669171	0.9866880092171533	ref	1.806129553755964	1.7225777403494618e-05	0.011185271460669171
chr3	125916037	125916038	2.25	rs7632557	46	G	C	4	1.6314701839164385	-0.9843178129536547	1.0549700700242744e-05	0.9996711718406381	0.010275408482036431	1.0	ref	1.6314701839164385	1.0549700700242744e-05	0.010275408482036431
chr5	9046916	9046917	1.0	rs189854	31	C	G	1	-2.2870867906582393	1.9008252364550406	1.0	0.00022334806734346357	1.0	0.08943182862028126	alt	1.9008252364550406	0.00022334806734346357	0.08943182862028126
chr8	40524486	40524487	1.0	rs1429962	46	C	T	3	-0.620989762946575	1.5476678861641717	0.9994482397324649	1.3227759821006874e-05	1.0	0.012883838065660696	alt	1.5476678861641717	1.3227759821006874e-05	0.012883838065660696
chr8	40524541	40524542	1.0	rs16891974	37	A	G	3	-0.33445733049899257	1.4468698900402703	0.9986046628729964	6.355124462429932e-05	1.0	0.04126594150937836	alt	1.4468698900402703	6.355124462429932e-05	0.04126594150937836
