#chr	start	end	mean_bad	id	max_cover	ref	alt	n_reps	ref_comb_es	alt_comb_es	ref_comb_pval	alt_comb_pval	ref_fdr_comb_pval	alt_fdr_comb_pval	pref_allele	comb_es	comb_pval	fdr_comb_pval	93
chr10	77274200	77274201	1.0	rs1516512	31	A	G	1	1.864742447625138	-2.1335672008353934	4.839701388644526e-05	1.0	0.04351017714380231	1.0	ref	1.864742447625138	4.839701388644526e-05	0.04351017714380231	93
chr15	82122973	82122974	1.0	rs149930156	32	G	C	1	1.7915364901971818	-1.8705327950015995	0.00011574591513083443	0.9985057004955062	0.04351017714380231	1.0	ref	1.7915364901971818	0.00011574591513083443	0.04351017714380231	93
chr17	46279993	46279994	1.0	rs75033119	29	G	A	1	1.7492652302052014	-2.008570281077144	0.00014300797746524997	1.0	0.04351017714380231	1.0	ref	1.7492652302052014	0.00014300797746524997	0.04351017714380231	93
chr18	48728555	48728556	1.0	rs9961808	29	G	A	1	1.7492652302052014	-2.008570281077144	0.00014300797746524997	1.0	0.04351017714380231	1.0	ref	1.7492652302052014	0.00014300797746524997	0.04351017714380231	93
chr5	172361720	172361721	1.0	rs2731710	33	T	C	1	-2.065367934296664	1.9060318985354674	0.9995759569627434	3.3262074818531234e-05	1.0	0.04047994505415251	alt	1.9060318985354674	3.3262074818531234e-05	0.04047994505415251	93
