#chr	start	end	mean_bad	id	max_cover	ref	alt	n_reps	ref_comb_es	alt_comb_es	ref_comb_pval	alt_comb_pval	ref_fdr_comb_pval	alt_fdr_comb_pval	pref_allele	comb_es	comb_pval	fdr_comb_pval	1555
chr1	16896252	16896253	1.0	rs9325651	27	G	C	1	1.6237343481213427	-1.8809939247098133	0.0004152148041094872	1.0	0.09363093832668935	1.0	ref	1.6237343481213427	0.0004152148041094872	0.09363093832668935	1555
chr19	19776615	19776616	1.0	rs186306030	36	T	A	1	1.9979873676646078	-2.091162402533449	1.4256699655081538e-05	0.9996474351930578	0.006429771544441774	1.0	ref	1.9979873676646078	1.4256699655081538e-05	0.006429771544441774	1555
