#chr	start	end	mean_bad	id	max_cover	ref	alt	n_reps	ref_comb_es	alt_comb_es	ref_comb_pval	alt_comb_pval	ref_fdr_comb_pval	alt_fdr_comb_pval	pref_allele	comb_es	comb_pval	fdr_comb_pval
chr16	88265188	88265189	1.0	rs112898929	61	T	A	1	2.494527814355522	-2.4014218131655465	9.908174744933043e-06	0.9999695231109604	0.021312483876350975	1.0	ref	2.494527814355522	9.908174744933043e-06	0.021312483876350975
chr4	3074538	3074539	1.0	rs13132932	76	A	G	1	2.363270047160449	-2.164975551320073	7.894763051672245e-06	0.9999741929170249	0.021312483876350975	1.0	ref	2.363270047160449	7.894763051672245e-06	0.021312483876350975
chr8	70669317	70669318	1.0	rs376225500	65	T	G	1	2.3425449887657677	-2.165903936780852	1.8851127856700528e-05	0.9999069865622351	0.027032517346508557	1.0	ref	2.3425449887657677	1.8851127856700528e-05	0.027032517346508557
