#chr	start	end	mean_bad	id	max_cover	ref	alt	n_reps	ref_comb_es	alt_comb_es	ref_comb_pval	alt_comb_pval	ref_fdr_comb_pval	alt_fdr_comb_pval	pref_allele	comb_es	comb_pval	fdr_comb_pval
chr13	51902937	51902938	1.0	rs61957418	55	C	A	1	-2.5267246812399193	2.530693557958051	0.9999841362321367	2.740416568406699e-06	1.0	0.019804990539875215	alt	2.530693557958051	2.740416568406699e-06	0.019804990539875215
chr17	15699585	15699586	1.0	rs2601942	47	T	G	1	2.443502950741666	-2.6185953220021974	2.0300008112195982e-05	0.9999538423100451	0.07335407931342018	1.0	ref	2.443502950741666	2.0300008112195982e-05	0.07335407931342018
chr3	53892059	53892060	1.0	rs1992154	55	G	T	1	2.5785086043185337	-2.638967525215103	7.906769415594055e-06	0.9999835017862221	0.05714222256649824	1.0	ref	2.5785086043185337	7.906769415594055e-06	0.05714222256649824
