#chr	start	end	mean_bad	id	max_cover	ref	alt	n_reps	ref_comb_es	alt_comb_es	ref_comb_pval	alt_comb_pval	ref_fdr_comb_pval	alt_fdr_comb_pval	pref_allele	comb_es	comb_pval	fdr_comb_pval
chr12	48198326	48198327	1.0	rs140951346	58	C	T	1	-2.233390945565969	2.376311860155417	0.9999394230432952	8.939838961033557e-06	1.0	0.05084086417139784	alt	2.376311860155417	8.939838961033557e-06	0.05084086417139784
chr12	77925751	77925752	1.0	rs1479024	50	A	G	1	-2.149720212730121	2.242108877314906	0.9997571183866614	2.914554073757852e-05	1.0	0.08287534508730451	alt	2.242108877314906	2.914554073757852e-05	0.08287534508730451
