#chr	start	end	mean_bad	id	max_cover	ref	alt	n_reps	ref_comb_es	alt_comb_es	ref_comb_pval	alt_comb_pval	ref_fdr_comb_pval	alt_fdr_comb_pval	pref_allele	comb_es	comb_pval	fdr_comb_pval
chr12	6493325	6493326	1.125	rs7963759	53	A	C	4	1.566326769949672	-1.6651193162979037	1.262150271808878e-06	0.9998620035170932	0.010760635350402087	1.0	ref	1.566326769949672	1.262150271808878e-06	0.010760635350402087
chr19	3185554	3185555	1.25	rs507872	49	G	A	4	1.4246207372010375	-1.7895238816615384	1.4382367740091798e-05	0.9639901013984753	0.041113025497033835	1.0	ref	1.4246207372010375	1.4382367740091798e-05	0.041113025497033835
chr19	12441131	12441132	1.25	rs3745656	54	C	G	4	1.6241020733659153	-1.9496441766300192	2.421116084320751e-06	0.9988476050924767	0.010760635350402087	1.0	ref	1.6241020733659153	2.421116084320751e-06	0.010760635350402087
chr2	112055278	112055279	1.1428571428571428	rs34128716	52	C	G	7	1.4911750216247899	-1.3192678710675783	2.708785990877864e-07	0.9998211422879228	0.005420280767746605	1.0	ref	1.4911750216247899	2.708785990877864e-07	0.005420280767746605
chr20	49323952	49323953	1.2	rs237730	49	T	G	5	1.427688333925167	-1.184243978501928	2.688814430385329e-06	0.998579240906059	0.010760635350402087	1.0	ref	1.427688333925167	2.688814430385329e-06	0.010760635350402087
chr6	32178215	32178216	1.1666666666666667	rs3134946	61	C	G	3	1.7568351921141243	-1.7263103708838607	3.877529093595623e-06	0.9999895418282552	0.012931559527141402	1.0	ref	1.7568351921141243	3.877529093595623e-06	0.012931559527141402
chr8	17608433	17608434	1.3333333333333333	rs35819300	62	T	A	3	2.055145917200538	-2.072597866024745	2.3429765063409388e-06	0.9999981346216821	0.010760635350402087	1.0	ref	2.055145917200538	2.3429765063409388e-06	0.010760635350402087
chr8	17608446	17608447	1.3333333333333333	rs28569920	59	C	T	3	1.7605512839251545	-1.7869451483514769	2.439346078350267e-05	0.999936420294129	0.061014143784736054	1.0	ref	1.7605512839251545	2.439346078350267e-05	0.061014143784736054
