#chr	start	end	mean_bad	id	max_cover	ref	alt	n_reps	ref_comb_es	alt_comb_es	ref_comb_pval	alt_comb_pval	ref_fdr_comb_pval	alt_fdr_comb_pval	pref_allele	comb_es	comb_pval	fdr_comb_pval
chr10	126042026	126042027	1.0	rs61546477	39	C	T	2	1.930776263018259	-1.6310137260263433	1.1128004790882108e-05	0.9999194393118721	0.0421165438825923	1.0	ref	1.930776263018259	1.1128004790882108e-05	0.0421165438825923
chr17	6753182	6753183	1.25	rs17804432	54	C	A	4	1.6328182866480527	-1.2670961110266117	1.0020756780380149e-05	0.9999768132164183	0.0421165438825923	1.0	ref	1.6328182866480527	1.0020756780380149e-05	0.0421165438825923
chr17	17280765	17280766	1.25	rs1029829	55	G	C	4	1.4331188061528477	-2.0770559747441695	1.2222573533748997e-05	0.9797719656892478	0.0421165438825923	1.0	ref	1.4331188061528477	1.2222573533748997e-05	0.0421165438825923
chr19	3185554	3185555	1.25	rs507872	54	G	A	4	1.574350598686808	-1.3480309666792014	9.740572542444964e-06	0.9999663202944643	0.0421165438825923	1.0	ref	1.574350598686808	9.740572542444964e-06	0.0421165438825923
chr19	11739025	11739026	1.25	rs7507492	64	C	A	4	1.7733389994592001	-1.8664473351551747	4.98382086070291e-07	0.9999988258458612	0.008586624960905044	1.0	ref	1.7733389994592001	4.98382086070291e-07	0.008586624960905044
