#chr	start	end	mean_bad	id	max_cover	ref	alt	n_reps	ref_comb_es	alt_comb_es	ref_comb_pval	alt_comb_pval	ref_fdr_comb_pval	alt_fdr_comb_pval	pref_allele	comb_es	comb_pval	fdr_comb_pval
chr1	162899936	162899937	1.5	rs66632503	49	C	T	1	-2.191270292953322	2.0923921203949174	1.0	2.2422347028451954e-05	1.0	0.064595044731132	alt	2.0923921203949174	2.2422347028451954e-05	0.064595044731132
chr10	30182458	30182459	1.5	rs533095	50	C	T	2	-1.8344007409696002	1.8876533695449895	1.0	5.439697317104458e-06	1.0	0.04701258406307528	alt	1.8876533695449895	5.439697317104458e-06	0.04701258406307528
chr12	6287039	6287040	1.5	rs28435996	59	T	A	2	-0.7522078244868723	1.9869221018481376	0.9998747912860568	1.420740112355093e-05	1.0	0.05422837709830304	alt	1.9869221018481376	1.420740112355093e-05	0.05422837709830304
chr4	3114555	3114556	1.5	rs61792505	56	C	T	1	-2.09224552138358	2.1208744192652342	0.9999170448992287	9.856094231532242e-06	1.0	0.05422837709830304	alt	2.1208744192652342	9.856094231532242e-06	0.05422837709830304
chr4	5024848	5024849	1.5	rs9998195	53	A	G	1	-2.300832986011995	2.2179220450756345	1.0	5.30340676501616e-06	1.0	0.04701258406307528	alt	2.2179220450756345	5.30340676501616e-06	0.04701258406307528
chr8	18684969	18684970	1.5	rs13251640	50	T	A	1	-2.2153379796451804	2.1248131971960333	1.0	1.5686542406220143e-05	1.0	0.05422837709830304	alt	2.1248131971960333	1.5686542406220143e-05	0.05422837709830304
