#chr	start	end	mean_bad	id	max_cover	ref	alt	n_reps	ref_comb_es	alt_comb_es	ref_comb_pval	alt_comb_pval	ref_fdr_comb_pval	alt_fdr_comb_pval	pref_allele	comb_es	comb_pval	fdr_comb_pval
chr19	49955230	49955231	1.0	rs79972908	34	G	A	2	-1.8589954037938496	1.9224768811949313	0.9969396725701463	3.0247252965945323e-06	1.0	0.026482982334333428	alt	1.9224768811949313	3.0247252965945323e-06	0.026482982334333428
chr5	135438302	135438303	1.0	rs6862392	45	A	G	3	-0.8161733210876667	1.9256407430424902	0.9999624776819744	2.0639227865908463e-06	1.0	0.026482982334333428	alt	1.9256407430424902	2.0639227865908463e-06	0.026482982334333428
