#chr	start	end	mean_bad	id	max_cover	ref	alt	n_reps	ref_comb_es	alt_comb_es	ref_comb_pval	alt_comb_pval	ref_fdr_comb_pval	alt_fdr_comb_pval	pref_allele	comb_es	comb_pval	fdr_comb_pval
chr1	99503602	99503603	1.5	rs7517211	165	G	C	3	-1.6230365449014925	2.260526951454656	0.9999598509775558	1.5763054312670339e-06	1.0	0.049777361061266026	alt	2.260526951454656	1.5763054312670339e-06	0.049777361061266026
chr3	198072066	198072067	1.4444433333333333	rs4030335	408	A	G	3	-2.5461910981351314	2.0399780527511044	0.9999999998280855	3.475242529008693e-07	1.0	0.0219485892404602	alt	2.0399780527511044	3.475242529008693e-07	0.0219485892404602
