#chr	start	end	mean_bad	id	max_cover	ref	alt	n_reps	ref_comb_es	alt_comb_es	ref_comb_pval	alt_comb_pval	ref_fdr_comb_pval	alt_fdr_comb_pval	pref_allele	comb_es	comb_pval	fdr_comb_pval	415
1	39026789	39026790	1.4583325	rs3768324	64	C	T	4	1.9823789197150976	-2.2121812083594143	9.728171840233013e-07	0.9999999511825833	0.028174731283682853	1.0	ref	1.9823789197150976	9.728171840233013e-07	0.028174731283682853	415
7	152910646	152910647	1.0	rs6950216	59	G	A	1	-2.6499444589646775	2.6485300482519087	0.9999951410384599	9.521155574503779e-07	1.0	0.027575170774877842	alt	2.6485300482519087	9.521155574503779e-07	0.027575170774877842	415
