#chr	start	end	mean_bad	id	max_cover	ref	alt	n_reps	ref_comb_es	alt_comb_es	ref_comb_pval	alt_comb_pval	ref_fdr_comb_pval	alt_fdr_comb_pval	pref_allele	comb_es	comb_pval	fdr_comb_pval
chr1	155227670	155227671	1.125	rs2990245	227	C	T	4	-1.4092937180503984	1.5926677616351772	0.9999800718904861	2.0706849555275473e-07	1.0	0.0008707230237993336	alt	1.5926677616351772	2.0706849555275473e-07	0.0008707230237993336
chr1	188888649	188888650	1.0	rs73068963	32	T	C	4	-1.0324000304369574	1.40788131909041	0.9803835632825533	2.168070480906713e-06	1.0	0.004558368186106364	alt	1.40788131909041	2.168070480906713e-06	0.004558368186106364
chr15	52011123	52011124	1.25	rs142796395	76	A	C	4	-1.0403271169736577	1.2721418556325939	0.9998674158057206	0.00010893106473719334	1.0	0.08782330405492914	alt	1.2721418556325939	0.00010893106473719334	0.08782330405492914
chr15	91279767	91279768	1.25	rs10520696	34	G	A	4	-1.2079446602567658	1.314745043152997	0.9997856383150479	8.82588503253818e-05	1.0	0.08782330405492914	alt	1.314745043152997	8.82588503253818e-05	0.08782330405492914
chr16	54080911	54080912	2.0	rs16953002	60	G	A	3	-1.8989827248127908	1.835668353726533	0.9947142014764153	6.224951053936405e-05	1.0	0.08725306393934194	alt	1.835668353726533	6.224951053936405e-05	0.08725306393934194
chr8	133216686	133216687	2.0	rs11778573	49	T	G	4	-1.3093488886919888	1.450052195249958	0.9929364529094138	0.00012890882611578237	1.0	0.08782330405492914	alt	1.450052195249958	0.00012890882611578237	0.08782330405492914
chr9	112066051	112066052	2.0	rs10817260	71	C	T	4	-0.812170617807434	1.5001406045727959	0.9872824859664987	0.0001461981280343648	1.0	0.08782330405492914	alt	1.5001406045727959	0.0001461981280343648	0.08782330405492914
