#chr	start	end	mean_bad	id	max_cover	ref	alt	n_reps	ref_comb_es	alt_comb_es	ref_comb_pval	alt_comb_pval	ref_fdr_comb_pval	alt_fdr_comb_pval	pref_allele	comb_es	comb_pval	fdr_comb_pval	441
chr1	63889153	63889154	1.3333333333333333	rs855843	58	A	G	3	1.869290627422503	-1.9510113509814113	6.549403744758393e-06	0.999995241326673	0.054314205255281356	1.0	ref	1.869290627422503	6.549403744758393e-06	0.054314205255281356	441
chr11	130798383	130798384	1.6666666666666667	rs9667339	62	A	G	3	1.8448313361438216	-0.36395969017442775	1.5725373502911572e-05	0.9859526843639139	0.09226283211975891	1.0	ref	1.8448313361438216	1.5725373502911572e-05	0.09226283211975891	441
chr12	124774982	124774983	1.3333333333333333	rs139710559	67	T	C	3	1.924024658427013	-2.0846087164687046	4.205937756085887e-06	0.9999976721217451	0.052319762716830386	1.0	ref	1.924024658427013	4.205937756085887e-06	0.052319762716830386	441
chr2	46698924	46698925	1.3333333333333333	rs3814039	56	C	G	3	1.779188166978173	-1.3865958889477654	2.0491456628528674e-05	0.9999663578675532	0.09226283211975891	1.0	ref	1.779188166978173	2.0491456628528674e-05	0.09226283211975891	441
chr2	109242977	109242978	1.3333333333333333	rs13005715	60	T	C	3	2.0100260980507763	-2.7728081128350452	1.2122671528823465e-06	0.9999761707208173	0.030159994496559896	1.0	ref	2.0100260980507763	1.2122671528823465e-06	0.030159994496559896	441
chr2	112150555	112150556	1.3333333333333333	rs72831615	57	T	C	3	1.6998152168140628	-2.5952971419752675	2.2250773452251033e-05	0.999839958277911	0.09226283211975891	1.0	ref	1.6998152168140628	2.2250773452251033e-05	0.09226283211975891	441
