#chr	start	end	mean_bad	id	max_cover	ref	alt	n_reps	ref_comb_es	alt_comb_es	ref_comb_pval	alt_comb_pval	ref_fdr_comb_pval	alt_fdr_comb_pval	pref_allele	comb_es	comb_pval	fdr_comb_pval
chr1	16621131	16621132	1.0	rs557398636	33	C	G	1	1.971657651541649	-2.248236350406049	1.612435202259716e-05	1.0	0.007401077578372097	1.0	ref	1.971657651541649	1.612435202259716e-05	0.007401077578372097
chr8	127854221	127854222	1.0	rs12541115	30	G	A	1	1.6760592727772452	-1.74553587524335	0.0003211671190963815	0.9970063363383561	0.07370785383261955	1.0	ref	1.6760592727772452	0.0003211671190963815	0.07370785383261955
