#chr	start	end	mean_bad	id	max_cover	ref	alt	n_reps	ref_comb_es	alt_comb_es	ref_comb_pval	alt_comb_pval	ref_fdr_comb_pval	alt_fdr_comb_pval	pref_allele	comb_es	comb_pval	fdr_comb_pval
chr1	16896592	16896593	1.0	rs74055961	33	A	G	1	1.971657651541649	-2.248236350406049	1.612435202259716e-05	1.0	0.015546665453950894	1.0	ref	1.971657651541649	1.612435202259716e-05	0.015546665453950894
chr11	101487993	101487994	1.0	rs7927664	32	C	T	1	1.9191902316475136	-2.192729893444264	2.7986796496761283e-05	1.0	0.015546665453950894	1.0	ref	1.9191902316475136	2.7986796496761283e-05	0.015546665453950894
chr11	101618841	101618842	1.0	rs2508254	40	G	A	1	-1.9136642006898699	1.980024024702474	0.9995766245365261	1.864046918228979e-05	1.0	0.020709561261523957	alt	1.980024024702474	1.864046918228979e-05	0.020709561261523957
chr5	179559630	179559631	1.0	rs7703730	30	C	A	1	-1.886425695739515	1.7361068970931552	0.998640231477041	0.0001669876712898124	1.0	0.09276165140149079	alt	1.7361068970931552	0.0001669876712898124	0.09276165140149079
