#chr	start	end	mean_bad	id	max_cover	ref	alt	n_reps	ref_comb_es	alt_comb_es	ref_comb_pval	alt_comb_pval	ref_fdr_comb_pval	alt_fdr_comb_pval	pref_allele	comb_es	comb_pval	fdr_comb_pval
chr11	17276577	17276578	1.0	rs214088	48	C	G	2	1.7300872788440382	-1.4666013804062032	3.129893196822793e-05	0.9991968919684711	0.09684515529609086	1.0	ref	1.7300872788440382	3.129893196822793e-05	0.09684515529609086
chr13	23506906	23506907	1.0	rs28588111	44	C	A	2	2.1375773007342915	-2.0540525481101044	1.7110469525430293e-06	0.9999826983043615	0.008823869134264401	1.0	ref	2.1375773007342915	1.7110469525430293e-06	0.008823869134264401
chr13	31982729	31982730	1.0	rs76695518	34	C	T	2	1.9511732296725306	-2.004535398228213	6.044251057805627e-06	0.998083116657453	0.023377652028827713	1.0	ref	1.9511732296725306	6.044251057805627e-06	0.023377652028827713
chr13	44272821	44272822	1.0	rs1316652	46	T	C	2	-2.1985040951314128	2.224032219723999	0.9999958351261681	2.675281646130659e-07	1.0	0.004138928234728743	alt	2.224032219723999	2.675281646130659e-07	0.004138928234728743
chr13	44313105	44313106	1.0	rs1571562	40	T	G	2	2.173413787373921	-2.318239446948483	1.1832314831624198e-06	0.9999948430584679	0.008823869134264401	1.0	ref	2.173413787373921	1.1832314831624198e-06	0.008823869134264401
chr13	50678632	50678633	1.0	rs76758651	45	C	T	2	2.1764609344379897	-2.095817469886725	1.2469916752462143e-06	0.9999883751135463	0.008823869134264401	1.0	ref	2.1764609344379897	1.2469916752462143e-06	0.008823869134264401
