#chr	start	end	mean_bad	id	max_cover	ref	alt	n_reps	ref_comb_es	alt_comb_es	ref_comb_pval	alt_comb_pval	ref_fdr_comb_pval	alt_fdr_comb_pval	pref_allele	comb_es	comb_pval	fdr_comb_pval	215
1	29570216	29570217	1.0	rs28435157	24	T	C	2	1.2146071657948239	-1.329763767457246	0.0005047399530673327	0.9816948377496505	0.08908660171638422	0.9931965456289137	ref	1.2146071657948239	0.0005047399530673327	0.08908660171638422	215
19	4471984	4471985	1.0	rs10415282	33	C	T	2	1.4070637946437174	-0.3639501372213476	0.000388588653396856	0.7261830790362657	0.08908660171638422	0.8874590310115414	ref	1.4070637946437174	0.000388588653396856	0.08908660171638422	215
3	198072066	198072067	1.0	rs4030335	28	A	G	1	-2.0857899111466724	1.7372766504029937	1.0	0.00013377010280679418	1.0	0.04722084629079834	alt	1.7372766504029937	0.00013377010280679418	0.04722084629079834	215
