#chr	start	end	mean_bad	id	max_cover	ref	alt	n_reps	ref_comb_es	alt_comb_es	ref_comb_pval	alt_comb_pval	ref_fdr_comb_pval	alt_fdr_comb_pval	pref_allele	comb_es	comb_pval	fdr_comb_pval
chr14	74514844	74514845	1.0	rs862050	47	C	G	1	-2.734682713451277	2.50571092583513	0.9999879640662648	3.0662516995730673e-06	1.0	0.04187579946106938	alt	2.50571092583513	3.0662516995730673e-06	0.04187579946106938
chr16	54080911	54080912	1.0	rs16953002	63	G	A	1	-2.0649819582435214	2.274485354915466	0.9998830334489003	1.5656816502563763e-05	1.0	0.07127504765850444	alt	2.274485354915466	1.5656816502563763e-05	0.07127504765850444
chr19	633531	633532	1.0	rs575064272	61	C	G	1	2.748433605760846	-2.8179806333605453	2.215124761459323e-06	0.9999970921827998	0.060503917734499944	1.0	ref	2.748433605760846	2.215124761459323e-06	0.060503917734499944
chr19	48925490	48925491	1.0	rs6509408	62	G	T	1	-2.19051284032738	2.369311371848473	0.9999409243892617	7.960696564161692e-06	1.0	0.06960177377033329	alt	2.369311371848473	7.960696564161692e-06	0.06960177377033329
chr5	172361629	172361630	1.25	rs2731709	61	C	T	2	-2.1678279565566645	2.0045580881876495	0.9999661735093637	1.5535298875509132e-05	1.0	0.07127504765850444	alt	2.0045580881876495	1.5535298875509132e-05	0.07127504765850444
chr5	180313826	180313827	1.0	rs2303007	62	T	C	1	-2.7338260855249965	2.730992208443882	0.9999982983434815	4.412554863282702e-07	1.0	0.012052452353570373	alt	2.730992208443882	4.412554863282702e-07	0.012052452353570373
chr9	134024984	134024985	1.0	rs7470605	43	C	G	1	-2.5742895595095074	2.3576122868459963	0.9999519107245451	1.019283499602157e-05	1.0	0.06960177377033329	alt	2.3576122868459963	1.019283499602157e-05	0.06960177377033329
