#chr	start	end	mean_bad	id	max_cover	ref	alt	n_reps	ref_comb_es	alt_comb_es	ref_comb_pval	alt_comb_pval	ref_fdr_comb_pval	alt_fdr_comb_pval	pref_allele	comb_es	comb_pval	fdr_comb_pval
chr19	4471962	4471963	1.0	rs10416079	37	A	C	2	1.474597009772754	-0.630058657823414	9.708792795313676e-05	0.8655655161393271	0.04888377172440436	0.9850471057132301	ref	1.474597009772754	9.708792795313676e-05	0.04888377172440436
chr19	10380705	10380706	1.0	rs12720215	33	G	C	2	1.2379958926637142	-0.9452770313730441	0.0004683391159331925	0.9403589708196107	0.09432349794894497	0.9906410957523313	ref	1.2379958926637142	0.0004683391159331925	0.09432349794894497
chr19	51571219	51571220	1.0	rs7260533	28	G	C	4	1.1975033467143044	-0.05160497135876323	0.0003150457473553006	0.903598727526892	0.07931276689669693	0.9850471057132301	ref	1.1975033467143044	0.0003150457473553006	0.07931276689669693
chr19	51571220	51571221	1.0	rs7260534	28	G	T	4	1.1975033467143044	-0.05160497135876323	0.0003150457473553006	0.903598727526892	0.07931276689669693	0.9850471057132301	ref	1.1975033467143044	0.0003150457473553006	0.07931276689669693
