#chr	start	end	mean_bad	id	max_cover	ref	alt	n_reps	ref_comb_es	alt_comb_es	ref_comb_pval	alt_comb_pval	ref_fdr_comb_pval	alt_fdr_comb_pval	pref_allele	comb_es	comb_pval	fdr_comb_pval
chr10	25016448	25016449	1.5	rs2291585	56	A	G	1	2.2002117908127015	-2.1891331608346927	4.5372009032174375e-06	1.0	0.02220861165087693	1.0	ref	2.2002117908127015	4.5372009032174375e-06	0.02220861165087693
chr9	35657840	35657841	1.5	rs7021642	157	G	A	1	1.291262534955444	-0.3887292697823401	8.974989553799526e-06	0.9028426920490131	0.02220861165087693	0.9482530736312745	ref	1.291262534955444	8.974989553799526e-06	0.02220861165087693
