#chr	start	end	mean_bad	id	max_cover	ref	alt	n_reps	ref_comb_es	alt_comb_es	ref_comb_pval	alt_comb_pval	ref_fdr_comb_pval	alt_fdr_comb_pval	pref_allele	comb_es	comb_pval	fdr_comb_pval
chr17	82871376	82871377	1.0	rs56264327	115	C	T	1	2.448328898149234	-2.2414102761834043	4.187832871904166e-07	0.9999998093158294	0.019233041247507073	1.0	ref	2.448328898149234	4.187832871904166e-07	0.019233041247507073
chr5	3320699	3320700	1.0	rs7379603	68	C	T	1	2.676731145576271	-2.5912552072348394	2.298802832447555e-06	0.9999959947659081	0.052787409441493204	1.0	ref	2.676731145576271	2.298802832447555e-06	0.052787409441493204
