#chr	start	end	mean_bad	id	max_cover	ref	alt	n_reps	ref_comb_es	alt_comb_es	ref_comb_pval	alt_comb_pval	ref_fdr_comb_pval	alt_fdr_comb_pval	pref_allele	comb_es	comb_pval	fdr_comb_pval	1528
chr11	71787307	71787308	1.5	rs12793051	62	T	A	1	2.1628139929113255	-2.077651236736087	3.3939079692904343e-06	0.9999054090131899	0.03476549628342657	1.0	ref	2.1628139929113255	3.3939079692904343e-06	0.03476549628342657	1528
chr17	3049000	3049001	1.25	rs11078428	63	C	G	2	1.5370369333586391	-1.4253627781973721	1.180705209070059e-05	0.9968623082204362	0.051213354842656086	1.0	ref	1.5370369333586391	1.180705209070059e-05	0.051213354842656086	1528
chr18	32092595	32092596	1.0	rs8095867	58	A	G	1	1.8870181285659573	-1.6279554318582812	1.0987226785485397e-05	0.9996790142489992	0.051213354842656086	1.0	ref	1.8870181285659573	1.0987226785485397e-05	0.051213354842656086	1528
chr18	50879118	50879119	1.0	rs1510394	49	T	A	1	2.123471588265107	-1.9761428029086394	2.440723666514809e-06	0.9998831160028648	0.03476549628342657	1.0	ref	2.123471588265107	2.440723666514809e-06	0.03476549628342657	1528
chr18	77101650	77101651	1.0	rs377758549	39	A	G	1	1.999531239407276	-1.9767233468200884	1.4998786013371236e-05	0.9995072645527224	0.051213354842656086	1.0	ref	1.999531239407276	1.4998786013371236e-05	0.051213354842656086	1528
chr22	38705613	38705614	1.5	rs2267393	58	G	C	1	2.055898854824995	-1.951722552903675	1.3123042265145801e-05	0.9997260950689694	0.051213354842656086	1.0	ref	2.055898854824995	1.3123042265145801e-05	0.051213354842656086	1528
chr3	198072066	198072067	1.25	rs4030335	62	A	G	2	-1.9956096334619855	1.9847692913933002	0.9999078900127861	1.2368005882030104e-07	1.0	0.0025338333650515078	alt	1.9847692913933002	1.2368005882030104e-07	0.0025338333650515078	1528
