#chr	start	end	mean_bad	id	max_cover	ref	alt	n_reps	ref_comb_es	alt_comb_es	ref_comb_pval	alt_comb_pval	ref_fdr_comb_pval	alt_fdr_comb_pval	pref_allele	comb_es	comb_pval	fdr_comb_pval
chr1	146037053	146037054	1.0	rs7536827	39	T	A	1	-1.862611770929898	1.934220335089349	0.9993610125098735	3.0744360389639195e-05	1.0	0.027977367954571668	alt	1.934220335089349	3.0744360389639195e-05	0.027977367954571668
chr19	5904057	5904058	1.0	rs6510862	27	G	A	1	-2.018970447631695	1.673146312983278	1.0	0.00023321107450403528	1.0	0.07074069259955737	alt	1.673146312983278	0.00023321107450403528	0.07074069259955737
chr2	85902753	85902754	1.0	rs2577769	37	C	T	1	-1.758548932778572	1.838005019830046	0.998607297893971	8.256971564012153e-05	1.0	0.0375692206162553	alt	1.838005019830046	8.256971564012153e-05	0.0375692206162553
chr7	102748890	102748891	1.0	rs113541101	44	C	A	1	1.930826510322711	-1.758846603915715	2.6467646340903524e-05	0.9991943341240884	0.024085558170222208	1.0	ref	1.930826510322711	2.6467646340903524e-05	0.024085558170222208
chr9	113343962	113343963	1.0	rs7863485	26	A	G	1	-1.9497094201163656	1.6060321171247414	1.0	0.000404823661120733	1.0	0.09209738290496676	alt	1.6060321171247414	0.000404823661120733	0.09209738290496676
