#chr	start	end	mean_bad	id	max_cover	ref	alt	n_reps	ref_comb_es	alt_comb_es	ref_comb_pval	alt_comb_pval	ref_fdr_comb_pval	alt_fdr_comb_pval	pref_allele	comb_es	comb_pval	fdr_comb_pval
chr17	28318964	28318965	1.0	rs11080054	29	G	A	1	-2.149460101573309	1.7986771950671367	1.0	7.64208310100919e-05	1.0	0.06033424608246756	alt	1.7986771950671367	7.64208310100919e-05	0.06033424608246756
chr20	4234289	4234290	1.0	rs35954863	27	C	T	2	-1.6012597459719191	1.4363699474365212	1.0	0.00013865171314111918	1.0	0.0729770183499424	alt	1.4363699474365212	0.00013865171314111918	0.0729770183499424
chr22	36462242	36462243	1.0	rs139990	32	A	T	2	-0.33555213775719306	1.7680716756477837	0.6829830314553841	5.0701991463940036e-05	0.8597382776428341	0.06033424608246756	alt	1.7680716756477837	5.0701991463940036e-05	0.06033424608246756
