#chr	start	end	mean_bad	id	max_cover	ref	alt	n_reps	ref_comb_es	alt_comb_es	ref_comb_pval	alt_comb_pval	ref_fdr_comb_pval	alt_fdr_comb_pval	pref_allele	comb_es	comb_pval	fdr_comb_pval
chr1	16905455	16905456	6.0	rs7412249	172	A	G	1	2.1018240794787584	-2.0359790594296268	9.892133745181284e-06	0.9999319943977435	0.08095722257056363	1.0	ref	2.1018240794787584	9.892133745181284e-06	0.08095722257056363
chr12	124636490	124636491	1.0	rs12371000	56	G	T	1	-2.174039802406931	2.314911315491274	0.999891692321587	1.5037596866073146e-05	1.0	0.08204512850129508	alt	2.314911315491274	1.5037596866073146e-05	0.08204512850129508
chr16	46400896	46400897	1.0	rs4967559	43	A	C	1	-2.5742895595095074	2.3576122868459963	0.9999519107245451	1.019283499602157e-05	1.0	0.08204512850129508	alt	2.3576122868459963	1.019283499602157e-05	0.08204512850129508
chr2	202762688	202762689	1.33333	rs2351117	309	C	T	1	2.521942156101632	-2.439318342805225	1.6133290910996182e-05	0.9999999953040848	0.08802323521039516	1.0	ref	2.521942156101632	1.6133290910996182e-05	0.08802323521039516
chr5	133322010	133322011	1.0	rs6859252	52	T	C	1	2.609512902180595	-2.7965743704580355	6.400670514151553e-06	0.9999912979627416	0.08095722257056363	1.0	ref	2.609512902180595	6.400670514151553e-06	0.08095722257056363
chr8	27408369	27408370	1.0	rs11782673	56	A	G	1	-2.356799679797607	2.43914572437446	0.9999616480795243	5.7193369165597e-06	1.0	0.08204512850129508	alt	2.43914572437446	5.7193369165597e-06	0.08204512850129508
