#chr	start	end	mean_bad	id	max_cover	ref	alt	n_reps	ref_comb_es	alt_comb_es	ref_comb_pval	alt_comb_pval	ref_fdr_comb_pval	alt_fdr_comb_pval	pref_allele	comb_es	comb_pval	fdr_comb_pval
chr10	70656738	70656739	1.0	rs72813275	34	G	A	2	-1.2303508648375772	1.5701111318613852	0.9983642955878361	0.00010331547874782819	1.0	0.0421527153291139	alt	1.5701111318613852	0.00010331547874782819	0.0421527153291139
chr2	159136187	159136188	1.0	rs2288105	33	C	T	3	-1.049085445326161	1.3603953307283279	0.9979936253221242	5.256563022698678e-05	1.0	0.0421527153291139	alt	1.3603953307283279	5.256563022698678e-05	0.0421527153291139
chr3	16060474	16060475	1.0	rs17041841	36	G	A	3	1.7432830802780215	-0.40990104538349703	5.32779207298401e-06	0.7136970329256821	0.004347478331554952	0.9410267413499578	ref	1.7432830802780215	5.32779207298401e-06	0.004347478331554952
