#chr	start	end	mean_bad	id	max_cover	ref	alt	n_reps	ref_comb_es	alt_comb_es	ref_comb_pval	alt_comb_pval	ref_fdr_comb_pval	alt_fdr_comb_pval	pref_allele	comb_es	comb_pval	fdr_comb_pval
chr1	159830314	159830315	1.5	rs41264824	72	C	T	2	-3.1972658096698754	2.310376889560235	0.999998737744191	2.1320364703824655e-05	1.0	0.0695630199374039	alt	2.310376889560235	2.1320364703824655e-05	0.0695630199374039
chr15	67150216	67150217	1.75	rs11637816	108	G	A	2	-2.348925865361337	2.530581883465098	0.9999989738878228	6.6194614561768095e-06	1.0	0.02879686382152118	alt	2.530581883465098	6.6194614561768095e-06	0.02879686382152118
chr15	82160129	82160130	1.75	rs28675984	294	C	A	2	-1.8720318475601543	2.3219303653967365	0.9999974892460842	4.8930893290543706e-06	1.0	0.02879686382152118	alt	2.3219303653967365	4.8930893290543706e-06	0.02879686382152118
chr17	31754336	31754337	1.25	rs1558912	105	A	G	2	2.177157246891172	-1.5965491212756484	3.3946261463713293e-06	0.999996097582052	0.044303265836292224	1.0	ref	2.177157246891172	3.3946261463713293e-06	0.044303265836292224
chr21	41786989	41786990	1.25	rs3017439	75	T	C	2	-2.2552936879228898	2.3588877903387684	0.9999983969360452	1.6714813832816786e-06	1.0	0.02181450353320919	alt	2.3588877903387684	1.6714813832816786e-06	0.02181450353320919
