#chr	start	end	mean_bad	id	max_cover	ref	alt	n_reps	ref_comb_es	alt_comb_es	ref_comb_pval	alt_comb_pval	ref_fdr_comb_pval	alt_fdr_comb_pval	pref_allele	comb_es	comb_pval	fdr_comb_pval	448
1	77322443	77322444	1.0	rs12095801	29	G	C	2	1.6707615314055118	-1.9602096556435988	4.748617026803654e-05	1.0	0.06412654056838754	1.0	ref	1.6707615314055118	4.748617026803654e-05	0.06412654056838754	448
10	24352258	24352259	1.0	rs77127033	44	A	C	2	1.5460537890530812	-1.1384190487092485	0.00018885555348615126	0.9954541210065011	0.09516572549001041	1.0	ref	1.5460537890530812	0.00018885555348615126	0.09516572549001041	448
10	99906643	99906644	1.0	rs7910099	32	G	A	2	-1.7420196946986688	1.7490292983163696	0.9946879995443599	1.2986039581730826e-05	1.0	0.024556600849052992	alt	1.7490292983163696	1.2986039581730826e-05	0.024556600849052992	448
15	82160129	82160130	1.0	rs28675984	34	C	A	2	-1.8589954037938496	1.5860234395209618	0.9969396725701463	8.037432853314839e-05	1.0	0.0759939276280918	alt	1.5860234395209618	8.037432853314839e-05	0.0759939276280918	448
3	58384184	58384185	1.0	rs7647078	33	C	T	2	1.7014258982437669	-1.1770945321785087	6.78228879623348e-05	0.9541583036103025	0.06412654056838754	1.0	ref	1.7014258982437669	6.78228879623348e-05	0.06412654056838754	448
6	32178221	32178222	1.0	rs3096689	35	C	G	1	2.05234798048405	-2.374539543828956	0.00020130243361186762	1.0	0.09516572549001041	1.0	ref	2.05234798048405	0.00020130243361186762	0.09516572549001041	448
