#chr	start	end	mean_bad	id	max_cover	ref	alt	n_reps	ref_comb_es	alt_comb_es	ref_comb_pval	alt_comb_pval	ref_fdr_comb_pval	alt_fdr_comb_pval	pref_allele	comb_es	comb_pval	fdr_comb_pval	1585
chr1	16613669	16613670	1.0	rs2147037	34	C	G	1	2.022283724611617	-2.300342328403619	9.257409083958262e-06	1.0	0.010284981492277629	1.0	ref	2.022283724611617	9.257409083958262e-06	0.010284981492277629	1585
chr19	797078	797079	1.0	rs351974	30	A	C	1	1.6760592727772452	-1.74553587524335	0.0003211671190963815	0.9970063363383561	0.08920416732901996	1.0	ref	1.6760592727772452	0.0003211671190963815	0.08920416732901996	1585
chr19	51571219	51571220	1.0	rs7260533	25	G	C	3	1.1885085450212465	-0.9073472754249674	8.705487303875272e-05	0.9893934422987625	0.03223932131535143	1.0	ref	1.1885085450212465	8.705487303875272e-05	0.03223932131535143	1585
chr19	51571220	51571221	1.0	rs7260534	25	G	T	3	1.1885085450212465	-0.9073472754249674	8.705487303875272e-05	0.9893934422987625	0.03223932131535143	1.0	ref	1.1885085450212465	8.705487303875272e-05	0.03223932131535143	1585
