#chr	start	end	mean_bad	id	max_cover	ref	alt	n_reps	ref_comb_es	alt_comb_es	ref_comb_pval	alt_comb_pval	ref_fdr_comb_pval	alt_fdr_comb_pval	pref_allele	comb_es	comb_pval	fdr_comb_pval	1135
chr8	57209878	57209879	1.0	rs2005485	54	T	C	1	-2.719369759182315	2.619271068083416	0.9999943064769287	1.2851036520100233e-06	1.0	0.009221903806823927	alt	2.619271068083416	1.2851036520100233e-06	0.009221903806823927	1135
