#chr	start	end	mean_bad	id	max_cover	ref	alt	n_reps	ref_comb_es	alt_comb_es	ref_comb_pval	alt_comb_pval	ref_fdr_comb_pval	alt_fdr_comb_pval	pref_allele	comb_es	comb_pval	fdr_comb_pval
chr13	100674837	100674838	1.0	rs56900311	38	C	G	2	2.189851504233985	-2.5324429555364163	8.262363909936196e-07	1.0	0.010898884233596836	1.0	ref	2.189851504233985	8.262363909936196e-07	0.010898884233596836
chr13	110713604	110713605	1.0	rs71445078	58	G	T	2	-1.483908202596803	1.7537363951732505	0.9998003486251655	1.1153200359949255e-05	1.0	0.07356093297404531	alt	1.7537363951732505	1.1153200359949255e-05	0.07356093297404531
chr16	54929205	54929206	1.0	rs12599623	62	C	T	2	-1.747964118395727	2.0017783109386302	0.9999848752205356	1.1338079619330795e-06	1.0	0.014956060825859251	alt	2.0017783109386302	1.1338079619330795e-06	0.014956060825859251
