#chr	start	end	mean_bad	id	max_cover	ref	alt	n_reps	ref_comb_es	alt_comb_es	ref_comb_pval	alt_comb_pval	ref_fdr_comb_pval	alt_fdr_comb_pval	pref_allele	comb_es	comb_pval	fdr_comb_pval	781
3	130111581	130111582	1.0	rs72990317	53	A	G	1	2.387621785216362	-2.347991739861623	2.7483732679075218e-05	0.9998875716996336	0.06684043787551093	1.0	ref	2.387621785216362	2.7483732679075218e-05	0.06684043787551093	781
4	9152699	9152700	1.0	rs144776921	63	C	T	1	2.4190439008708147	-2.27591424537886	1.383972824270093e-05	0.9999402826960253	0.050487328629372996	1.0	ref	2.4190439008708147	1.383972824270093e-05	0.050487328629372996	781
8	12436849	12436850	1.0	rs2980473	71	G	C	1	2.494548082210818	-2.330208627612148	5.395391346597657e-06	0.99998529014265	0.039364775264776504	1.0	ref	2.494548082210818	5.395391346597657e-06	0.039364775264776504	781
