#chr	start	end	mean_bad	id	max_cover	ref	alt	n_reps	ref_comb_es	alt_comb_es	ref_comb_pval	alt_comb_pval	ref_fdr_comb_pval	alt_fdr_comb_pval	pref_allele	comb_es	comb_pval	fdr_comb_pval
chr16	3432001	3432002	1.0	rs185148	52	G	T	1	-2.9110053965731373	2.6717208772740593	0.9999979672823427	7.339118381899821e-07	1.0	0.0033187493322950987	alt	2.6717208772740593	7.339118381899821e-07	0.0033187493322950987
chr6	157548997	157548998	1.0	rs34885536	39	C	T	1	-2.3933986637042786	2.1925530405754996	0.9998381428713984	3.579905203288034e-05	1.0	0.08094165664634244	alt	2.1925530405754996	3.579905203288034e-05	0.08094165664634244
