#chr	start	end	mean_bad	id	max_cover	ref	alt	n_reps	ref_comb_es	alt_comb_es	ref_comb_pval	alt_comb_pval	ref_fdr_comb_pval	alt_fdr_comb_pval	pref_allele	comb_es	comb_pval	fdr_comb_pval	917
chr16	46400896	46400897	1.0	rs4967559	41	A	C	1	-2.201137583065751	2.155550597188987	0.9999271085030206	2.2657383530959395e-06	1.0	0.012551057606974956	alt	2.155550597188987	2.2657383530959395e-06	0.012551057606974956	917
chr17	78174653	78174654	1.0	rs1065769	37	C	T	1	2.045293082442964	-2.145512151846039	8.363735583214846e-06	0.9997645401402737	0.023165456631609318	1.0	ref	2.045293082442964	8.363735583214846e-06	0.023165456631609318	917
chr2	38603583	38603584	1.0	rs117984749	44	A	C	1	2.0725016466038224	-1.973185958161876	5.900378578761689e-06	0.9997446784801449	0.02179009809136692	1.0	ref	2.0725016466038224	5.900378578761689e-06	0.02179009809136692	917
chr20	62602700	62602701	1.0	rs28439224	33	G	C	1	1.971657651541649	-2.248236350406049	1.612435202259716e-05	1.0	0.03572833921167079	1.0	ref	1.971657651541649	1.612435202259716e-05	0.03572833921167079	917
chr6	341186	341187	1.0	rs908041	39	C	T	1	2.2517655707343844	-2.5606161676602244	5.51060815604718e-07	1.0	0.00610520277608467	1.0	ref	2.2517655707343844	5.51060815604718e-07	0.00610520277608467	917
chr7	205300	205301	1.0	rs36193272	54	A	G	1	-2.276123009326051	2.3809041155614734	0.9999960817593564	7.07634430075733e-08	1.0	0.0007839881850809045	alt	2.3809041155614734	7.07634430075733e-08	0.0007839881850809045	917
chr8	30156275	30156276	1.0	rs562181077	38	A	C	1	2.091096772056089	-2.1991157681565365	4.889268759657605e-06	0.9998450505556074	0.02179009809136692	1.0	ref	2.091096772056089	4.889268759657605e-06	0.02179009809136692	917
