#chr	start	end	mean_bad	id	max_cover	ref	alt	n_reps	ref_comb_es	alt_comb_es	ref_comb_pval	alt_comb_pval	ref_fdr_comb_pval	alt_fdr_comb_pval	pref_allele	comb_es	comb_pval	fdr_comb_pval
chr17	22521490	22521491	1.0	rs80284949	34	T	C	1	-2.1206279788252678	1.958499318429603	0.9997160238324548	1.927196725100801e-05	1.0	0.018057833314194503	alt	1.958499318429603	1.927196725100801e-05	0.018057833314194503
chr17	22521493	22521494	1.0	rs78042660	33	A	G	1	-1.7858423898104463	1.7685274740797405	0.9981238836578458	0.00014838434159844134	1.0	0.03475903201943488	alt	1.7685274740797405	0.00014838434159844134	0.03475903201943488
chr2	157657997	157657998	1.0	rs2509903	26	T	C	1	-1.9497094201163656	1.6060321171247414	1.0	0.000404823661120733	1.0	0.07586395409402535	alt	1.6060321171247414	0.000404823661120733	0.07586395409402535
chr3	195443187	195443188	1.0	rs1105165	35	A	C	2	-0.7538462455276543	1.2778227721570308	0.987439697011829	0.0005973797954183529	1.0	0.09329081138449945	alt	1.2778227721570308	0.0005973797954183529	0.09329081138449945
chr9	63817252	63817253	1.0	rs62545686	29	T	C	1	-2.149460101573309	1.7986771950671367	1.0	7.64208310100919e-05	1.0	0.023868772885485372	alt	1.7986771950671367	7.64208310100919e-05	0.023868772885485372
chr9	111784051	111784052	1.0	rs399814	30	T	C	1	-2.212295840929005	1.857570884120705	1.0	4.349232363960706e-05	1.0	0.020376153625155907	alt	1.857570884120705	4.349232363960706e-05	0.020376153625155907
