#chr	start	end	mean_bad	id	max_cover	ref	alt	n_reps	ref_comb_es	alt_comb_es	ref_comb_pval	alt_comb_pval	ref_fdr_comb_pval	alt_fdr_comb_pval	pref_allele	comb_es	comb_pval	fdr_comb_pval	4290
chr11	128522599	128522600	1.0	rs2269458	43	A	T	4	1.220604635056262	-0.34994543131100353	0.00029222139447097325	0.996304952033799	0.0928095148839811	1.0	ref	1.220604635056262	0.00029222139447097325	0.0928095148839811	4290
chr5	98773676	98773677	1.0	rs2547972	41	G	A	4	1.2670038643421577	-0.7014934671136247	6.649051215412695e-05	0.9985040802912069	0.05196995070183078	1.0	ref	1.2670038643421577	6.649051215412695e-05	0.05196995070183078	4290
chr5	98773684	98773685	1.0	rs2545732	38	T	C	4	1.3832971118529729	-0.5297149728030429	3.0310037133450628e-05	0.9995465596519111	0.048132338967919595	1.0	ref	1.3832971118529729	3.0310037133450628e-05	0.048132338967919595	4290
chr5	119268121	119268122	1.0	rs12054902	39	A	G	4	1.2943560591267873	-0.6137857828826165	0.000130906676830808	0.9986975424362432	0.05196995070183078	1.0	ref	1.2943560591267873	0.000130906676830808	0.05196995070183078	4290
chr7	158856568	158856569	1.0	rs2657386	37	C	T	4	1.281940617657879	-0.3408537567777375	0.00010149332730083041	0.999089804589493	0.05196995070183078	1.0	ref	1.281940617657879	0.00010149332730083041	0.05196995070183078	4290
