#chr	start	end	mean_bad	id	max_cover	ref	alt	n_reps	ref_comb_es	alt_comb_es	ref_comb_pval	alt_comb_pval	ref_fdr_comb_pval	alt_fdr_comb_pval	pref_allele	comb_es	comb_pval	fdr_comb_pval
chr4	38030168	38030169	1.0	rs6820715	52	A	T	1	-2.8568881895338265	2.603573418771352	0.999999228884973	6.593801104327077e-06	1.0	0.048662252149933825	alt	2.603573418771352	6.593801104327077e-06	0.048662252149933825
chr9	120332041	120332042	1.0	rs1468717	52	T	A	1	-2.600358088164955	2.4760163024043664	0.9999954673508783	1.4129379817431404e-05	1.0	0.05213741152632188	alt	2.4760163024043664	1.4129379817431404e-05	0.05213741152632188
