#chr	start	end	mean_bad	id	max_cover	ref	alt	n_reps	ref_comb_es	alt_comb_es	ref_comb_pval	alt_comb_pval	ref_fdr_comb_pval	alt_fdr_comb_pval	pref_allele	comb_es	comb_pval	fdr_comb_pval
chr1	159830314	159830315	1.0	rs41264824	112	C	T	1	-2.2418687752793183	2.4548934727931364	0.9999999931571033	2.915109983593362e-07	1.0	0.003630769484565533	alt	2.4548934727931364	2.915109983593362e-07	0.003630769484565533
chr1	220690193	220690194	1.0	rs448634	56	C	T	1	-2.9798652479179397	2.7238676524890635	0.9999998600129137	2.745077794311914e-06	1.0	0.01139664797605163	alt	2.7238676524890635	2.745077794311914e-06	0.01139664797605163
chr10	116733881	116733882	1.0	rs66688522	55	G	A	1	-2.2719256888126704	2.311290250747505	0.9999770396293199	2.936824439672675e-05	1.0	0.052254497708747384	alt	2.311290250747505	2.936824439672675e-05	0.052254497708747384
chr13	114043626	114043627	1.0	rs77514214	59	C	T	1	-3.0630792748268583	2.807931917277538	0.999999954321406	1.460368692277991e-06	1.0	0.009094446031161189	alt	2.807931917277538	1.460368692277991e-06	0.009094446031161189
chr5	108560918	108560919	1.5	rs73215896	115	C	G	1	-2.214619980216991	2.4613311877626654	0.9994216590424249	5.196150762254761e-05	1.0	0.08089757217985381	alt	2.4613311877626654	5.196150762254761e-05	0.08089757217985381
chr5	149357845	149357846	1.0	rs58729522	62	G	C	1	-2.2996920742643776	2.3906537223408333	0.9999934534716919	1.1410690738113823e-05	1.0	0.02842403062864153	alt	2.3906537223408333	1.1410690738113823e-05	0.02842403062864153
chr5	180324110	180324111	1.0	rs3828686	59	A	G	1	-2.5950917896947363	2.558666676444462	0.9999987164048556	5.731292106047806e-06	1.0	0.017845810795206356	alt	2.558666676444462	5.731292106047806e-06	0.017845810795206356
chr6	118876980	118876981	1.0	rs36155566	58	T	C	1	-2.181869424249338	2.2751765049208967	0.999974184273811	2.8908193601865105e-05	1.0	0.052254497708747384	alt	2.2751765049208967	2.8908193601865105e-05	0.052254497708747384
