#chr	start	end	mean_bad	id	max_cover	ref	alt	n_reps	ref_comb_es	alt_comb_es	ref_comb_pval	alt_comb_pval	ref_fdr_comb_pval	alt_fdr_comb_pval	pref_allele	comb_es	comb_pval	fdr_comb_pval
chr16	55136583	55136584	1.0	rs9941331	60	C	T	1	-2.2428996537517336	2.334070193974465	0.9999877248604958	1.810015127693012e-05	1.0	0.07701614368333766	alt	2.334070193974465	1.810015127693012e-05	0.07701614368333766
chr7	146147083	146147084	1.0	rs12154831	52	C	T	1	-2.600358088164955	2.4760163024043664	0.9999954673508783	1.4129379817431404e-05	1.0	0.07701614368333766	alt	2.4760163024043664	1.4129379817431404e-05	0.07701614368333766
