#chr	start	end	mean_bad	id	max_cover	ref	alt	n_reps	ref_comb_es	alt_comb_es	ref_comb_pval	alt_comb_pval	ref_fdr_comb_pval	alt_fdr_comb_pval	pref_allele	comb_es	comb_pval	fdr_comb_pval	26
chr1	107056635	107056636	1.5	rs2232015	110	A	T	1	1.5718198943176303	-0.4807409583993971	1.2041231950769871e-05	0.9079404911799186	0.016821601035225512	0.9649019018550653	ref	1.5718198943176303	1.2041231950769871e-05	0.016821601035225512	26
chr3	84108900	84108901	1.5	rs7639983	214	C	T	1	0.9568335199525952	0.2217319497835426	0.00011742382615948497	0.16868487533102716	0.0546803617149335	0.851226741387343	ref	0.9568335199525952	0.00011742382615948497	0.0546803617149335	26
chr3	177875964	177875965	1.5	rs4308299	54	A	T	1	1.9784904869597586	-1.8362294703282753	3.7097570270186176e-05	0.9993349483993331	0.025912652833725045	1.0	ref	1.9784904869597586	3.7097570270186176e-05	0.025912652833725045	26
chr3	177876017	177876018	1.5	rs62283388	76	G	A	1	-1.437056202559651	1.7745882412926033	0.9988187631178593	2.124350049763404e-05	1.0	0.029677170195194755	alt	1.7745882412926033	2.124350049763404e-05	0.029677170195194755	26
