#chr	start	end	mean_bad	id	max_cover	ref	alt	n_reps	ref_comb_es	alt_comb_es	ref_comb_pval	alt_comb_pval	ref_fdr_comb_pval	alt_fdr_comb_pval	pref_allele	comb_es	comb_pval	fdr_comb_pval
chr1	209590627	209590628	1.0	rs713074	66	A	G	2	1.4494772262907136	-1.1430087780046267	9.522770818534091e-05	0.9992689586321718	0.05832925717952819	1.0	ref	1.4494772262907136	9.522770818534091e-05	0.05832925717952819
chr10	77606964	77606965	1.0	rs11593685	45	T	C	2	-1.2052816521308776	1.8576860917447	0.999961751107856	2.0135644432903172e-05	1.0	0.025310505052159284	alt	1.8576860917447	2.0135644432903172e-05	0.025310505052159284
chr11	61815235	61815236	1.0	rs174561	65	T	C	2	2.2170703519366137	-2.1162638154280238	6.273427005661502e-07	0.9999994237698815	0.001182854661917476	1.0	ref	2.2170703519366137	6.273427005661502e-07	0.001182854661917476
chr20	49046285	49046286	1.0	rs2252259	74	T	G	2	1.4370524924076817	-1.187397103175941	7.470445749624459e-05	0.9994747454918899	0.05634210184366767	1.0	ref	1.4370524924076817	7.470445749624459e-05	0.05634210184366767
chr3	11770360	11770361	2.0	rs301568	55	C	G	2	-1.9619322776010382	2.0928240362770505	0.998455092391271	4.3700851354653894e-05	1.0	0.04119897761459996	alt	2.0928240362770505	4.3700851354653894e-05	0.04119897761459996
chr3	188036425	188036426	5.0	rs11718183	117	G	T	2	1.3517390271683816	-1.2614651534205845	0.00010827494040220031	0.9942883276426298	0.05832925717952819	1.0	ref	1.3517390271683816	0.00010827494040220031	0.05832925717952819
chr8	65643951	65643952	1.0	rs10504389	60	C	T	2	-1.258659948358589	1.85571707688614	0.9999746160076852	7.428723429217907e-06	1.0	0.025310505052159284	alt	1.85571707688614	7.428723429217907e-06	0.025310505052159284
chr8	111114399	111114400	1.0	rs10109355	55	C	A	2	2.0776689918108455	-0.9046046051267314	2.347291424021817e-05	0.9999747516794549	0.029505453199954238	1.0	ref	2.0776689918108455	2.347291424021817e-05	0.029505453199954238
chr8	130021921	130021922	1.0	rs11778460	39	C	G	2	-1.6731827550309315	1.905866696722656	0.9999836196114007	1.411738789507948e-05	1.0	0.025310505052159284	alt	1.905866696722656	1.411738789507948e-05	0.025310505052159284
chr8	143430916	143430917	1.0	rs114471912	116	G	C	2	1.3043317884335353	-0.8189119922385707	3.3914485237891996e-05	0.9999075977359595	0.03197288095802268	1.0	ref	1.3043317884335353	3.3914485237891996e-05	0.03197288095802268
