#chr	start	end	mean_bad	id	max_cover	ref	alt	n_reps	ref_comb_es	alt_comb_es	ref_comb_pval	alt_comb_pval	ref_fdr_comb_pval	alt_fdr_comb_pval	pref_allele	comb_es	comb_pval	fdr_comb_pval	3531
1	85062322	85062323	1.0	rs12034421	31	C	A	2	1.697834292847868	-1.8969759189670068	6.772605884547253e-05	0.9999282453639832	0.08812398918278193	1.0	ref	1.697834292847868	6.772605884547253e-05	0.08812398918278193	3531
15	90479914	90479915	1.0	rs8042913	34	G	C	2	1.7668744026868044	-1.7865369065280858	3.806405372120947e-05	0.9965475471458431	0.08812398918278193	1.0	ref	1.7668744026868044	3.806405372120947e-05	0.08812398918278193	3531
16	14975050	14975051	1.0	rs28418438	53	C	G	1	2.478265492371432	-2.59066680861148	2.346912933539839e-05	0.9999942108956767	0.08812398918278193	1.0	ref	2.478265492371432	2.346912933539839e-05	0.08812398918278193	3531
21	36298398	36298399	1.0	rs28385572	45	C	A	2	1.702674566219406	-1.5826045565030415	5.552144648027038e-05	0.999806020416036	0.08812398918278193	1.0	ref	1.702674566219406	5.552144648027038e-05	0.08812398918278193	3531
4	39977863	39977864	1.0	rs537353	39	G	C	2	1.7231933953181844	-2.0435397312728827	7.117104602066058e-05	0.9992400195176857	0.08812398918278193	1.0	ref	1.7231933953181844	7.117104602066058e-05	0.08812398918278193	3531
