#chr	start	end	mean_bad	id	max_cover	ref	alt	n_reps	ref_comb_es	alt_comb_es	ref_comb_pval	alt_comb_pval	ref_fdr_comb_pval	alt_fdr_comb_pval	pref_allele	comb_es	comb_pval	fdr_comb_pval	2546
chr1	113904942	113904943	1.1	rs1217397	58	G	A	5	-0.39265686169714453	1.0045794863156625	0.9846468163706767	5.5862090274008234e-05	0.996061794151581	0.06392485197022342	alt	1.0045794863156625	5.5862090274008234e-05	0.06392485197022342	2546
chr16	46390830	46390831	2.0	rs4380205	139	A	G	1	-1.416022819412789	1.6480390592903138	0.9999944388227546	2.2434002245139444e-06	1.0	0.0038507964853781856	alt	1.6480390592903138	2.2434002245139444e-06	0.0038507964853781856	2546
chr19	58544171	58544172	1.0	rs73580853	78	T	C	1	1.5673463032445474	-1.3199239497171185	2.42115051823636e-05	0.9995596766810143	0.027706032430351413	1.0	ref	1.5673463032445474	2.42115051823636e-05	0.027706032430351413	2546
chr9	93095653	93095654	1.0	rs10821068	37	C	A	1	2.1391741024282878	-2.516326464958659	2.504451647106065e-06	1.0	0.004298891252257561	1.0	ref	2.1391741024282878	2.504451647106065e-06	0.004298891252257561	2546
chr9	93095654	93095655	1.0	rs10821069	37	G	C	1	2.1391741024282878	-2.516326464958659	2.504451647106065e-06	1.0	0.004298891252257561	1.0	ref	2.1391741024282878	2.504451647106065e-06	0.004298891252257561	2546
