#chr	start	end	mean_bad	id	max_cover	ref	alt	n_reps	ref_comb_es	alt_comb_es	ref_comb_pval	alt_comb_pval	ref_fdr_comb_pval	alt_fdr_comb_pval	pref_allele	comb_es	comb_pval	fdr_comb_pval
chr1	16904866	16904867	1.0	rs11203380	29	C	T	8	1.027231963790085	-0.3248733330208417	5.1652104652270844e-05	0.9964022548596653	0.012069375120413953	1.0	ref	1.027231963790085	5.1652104652270844e-05	0.012069375120413953
chr1	16905196	16905197	1.0	rs11584240	25	G	A	5	-1.065788131509757	1.1369885990497433	0.998820016014002	2.5688013556171023e-05	1.0	0.018007297502875885	alt	1.1369885990497433	2.5688013556171023e-05	0.018007297502875885
chr18	12377415	12377416	1.0	rs9964406	29	C	T	7	0.9232702595044318	-0.2343993020999788	0.0005197736883169953	0.9643958875639005	0.060726892585035615	0.9976327434352359	ref	0.9232702595044318	0.0005197736883169953	0.060726892585035615
chr18	12377425	12377426	1.0	rs12458283	31	A	G	7	1.035653416548063	-0.3486827921426995	0.00026345495323625625	0.8578860170653277	0.03693638444372312	0.9951204975257057	ref	1.035653416548063	0.00026345495323625625	0.03693638444372312
chr3	130112117	130112118	1.0	rs113421391	27	G	C	3	1.4228450239748653	-1.8070102649776796	3.399627367710517e-05	1.0	0.011915693923825363	1.0	ref	1.4228450239748653	3.399627367710517e-05	0.011915693923825363
chr8	102238961	102238962	1.0	rs72554091	24	G	T	4	-1.3715736488099264	1.0741107951532651	0.99776590753211	0.00015930768802166687	1.0	0.055837344651594234	alt	1.0741107951532651	0.00015930768802166687	0.055837344651594234
chr8	102239256	102239257	1.0	rs28998469	32	A	C	6	1.2154541438133974	-0.5295095538277053	2.7168705350906275e-05	0.999907457216808	0.011915693923825363	1.0	ref	1.2154541438133974	2.7168705350906275e-05	0.011915693923825363
chr8	102239277	102239278	1.0	rs28973252	27	A	T	5	0.9823450685194586	-0.9568560509882706	0.0002597717483275166	0.9989004970805836	0.03693638444372312	1.0	ref	0.9823450685194586	0.0002597717483275166	0.03693638444372312
