#chr	start	end	mean_bad	id	max_cover	ref	alt	n_reps	ref_comb_es	alt_comb_es	ref_comb_pval	alt_comb_pval	ref_fdr_comb_pval	alt_fdr_comb_pval	pref_allele	comb_es	comb_pval	fdr_comb_pval	2288
chr10	68093734	68093735	1.0	rs687145	55	T	C	1	2.408085208230922	-2.4301074740228152	2.910803117802354e-05	0.9999878575770434	0.0692653774771403	1.0	ref	2.408085208230922	2.910803117802354e-05	0.0692653774771403	2288
chr10	114874891	114874892	1.0	rs7072356	71	T	C	1	-3.124402997760758	2.9841632060746917	0.9999999980379938	2.6015254853331004e-07	1.0	0.001977939826498756	alt	2.9841632060746917	2.6015254853331004e-07	0.001977939826498756	2288
chr11	57712259	57712260	1.0	rs1424751	114	G	C	1	2.1008473772873177	-1.9024423979183602	3.717234701828606e-06	0.999999292742523	0.028262135438002888	1.0	ref	2.1008473772873177	3.717234701828606e-06	0.028262135438002888	2288
chr17	82120359	82120360	1.0	rs34287733	43	C	T	1	-2.8359736633841695	2.3887267259196228	1.0	2.397560192529124e-05	1.0	0.045571625359497325	alt	2.3887267259196228	2.397560192529124e-05	0.045571625359497325	2288
chr2	161244749	161244750	1.0	rs11678980	81	G	A	1	2.0196467985088655	-1.8083712505932859	3.644107719433924e-05	0.999958895456998	0.0692653774771403	1.0	ref	2.0196467985088655	3.644107719433924e-05	0.0692653774771403	2288
chr2	231514521	231514522	1.0	rs13035124	76	G	C	1	-2.0755649540282373	2.273722711796954	0.999995458574649	8.373058509971534e-06	1.0	0.021220121283771192	alt	2.273722711796954	8.373058509971534e-06	0.021220121283771192	2288
chr2	231514522	231514523	1.0	rs60287893	76	G	T	1	-2.0755649540282373	2.273722711796954	0.999995458574649	8.373058509971534e-06	1.0	0.021220121283771192	alt	2.273722711796954	8.373058509971534e-06	0.021220121283771192	2288
chr3	130111581	130111582	1.0	rs72990317	55	A	G	1	2.539666037035575	-2.654150467669005	1.5476803694590817e-05	0.9999970845084829	0.058835069244986986	1.0	ref	2.539666037035575	1.5476803694590817e-05	0.058835069244986986	2288
