#chr	start	end	mean_bad	id	max_cover	ref	alt	n_reps	ref_comb_es	alt_comb_es	ref_comb_pval	alt_comb_pval	ref_fdr_comb_pval	alt_fdr_comb_pval	pref_allele	comb_es	comb_pval	fdr_comb_pval
chr2	152717635	152717636	1.0	rs76489218	35	G	A	2	-1.5216435504352004	1.6530520503011261	0.9997369096141224	8.627008516507188e-05	1.0	0.05918127842323931	alt	1.6530520503011261	8.627008516507188e-05	0.05918127842323931
chr7	155166949	155166950	1.0	rs1730190	42	C	T	2	-2.016224020300431	2.1244110883527143	0.9999984699941934	1.7717393943813705e-06	1.0	0.0024308264490912404	alt	2.1244110883527143	1.7717393943813705e-06	0.0024308264490912404
