#chr	start	end	mean_bad	id	max_cover	ref	alt	n_reps	ref_comb_es	alt_comb_es	ref_comb_pval	alt_comb_pval	ref_fdr_comb_pval	alt_fdr_comb_pval	pref_allele	comb_es	comb_pval	fdr_comb_pval
chr11	124330306	124330307	1.0	rs641856	34	A	C	1	-1.8236269715445865	1.7450365951070648	0.9985325051084529	0.00019779104471526462	1.0	0.09817796002275254	alt	1.7450365951070648	0.00019779104471526462	0.09817796002275254
chr5	14155309	14155310	1.0	rs10041847	32	T	C	1	-1.9902359036200146	1.7858750263192986	0.9992916477391517	0.00012316745383247934	1.0	0.09817796002275254	alt	1.7858750263192986	0.00012316745383247934	0.09817796002275254
chr7	70238342	70238343	1.0	rs77164742	33	C	T	1	-2.363269565798484	1.9669950823306785	1.0	1.718622590979419e-05	1.0	0.03335846449091052	alt	1.9669950823306785	1.718622590979419e-05	0.03335846449091052
chr8	51899197	51899198	1.0	rs13263909	41	C	T	2	-0.3534788254448235	1.5770712230003352	0.9971318928163908	0.00020232449257651222	1.0	0.09817796002275254	alt	1.5770712230003352	0.00020232449257651222	0.09817796002275254
