#chr	start	end	mean_bad	id	max_cover	ref	alt	n_reps	ref_comb_es	alt_comb_es	ref_comb_pval	alt_comb_pval	ref_fdr_comb_pval	alt_fdr_comb_pval	pref_allele	comb_es	comb_pval	fdr_comb_pval	87
chr1	16613698	16613699	1.0	rs1762929	67	G	A	3	-1.5275708154454872	1.8771430412374681	0.999999547968543	9.918927815434667e-08	1.0	0.000535919669867935	alt	1.8771430412374681	9.918927815434667e-08	0.000535919669867935	87
chr1	16624311	16624312	1.0	rs11590427	45	C	T	3	1.801238903854219	-1.803260648031148	8.586109559204287e-07	0.9999978414786238	0.0046390749948380765	1.0	ref	1.801238903854219	8.586109559204287e-07	0.0046390749948380765	87
chr11	85628497	85628498	1.0	rs575050	53	G	T	3	-1.0485692197595091	1.5929357078109065	0.9999421721531437	8.655978870423723e-06	1.0	0.023384126918449686	alt	1.5929357078109065	8.655978870423723e-06	0.023384126918449686	87
chr2	43773999	43774000	1.0	rs17031488	37	C	T	3	-1.6333102924451879	1.5176662290678287	0.9997584584502094	2.186963823146233e-05	1.0	0.03938721845486365	alt	1.5176662290678287	2.186963823146233e-05	0.03938721845486365	87
chr6	37818982	37818983	1.0	rs11759458	38	C	T	3	1.605129887714659	-0.6535320918078862	2.9330658256524127e-05	0.9999192617228608	0.07923677327999992	1.0	ref	1.605129887714659	2.9330658256524127e-05	0.07923677327999992	87
