#chr	start	end	mean_bad	id	max_cover	ref	alt	n_reps	ref_comb_es	alt_comb_es	ref_comb_pval	alt_comb_pval	ref_fdr_comb_pval	alt_fdr_comb_pval	pref_allele	comb_es	comb_pval	fdr_comb_pval
chr10	6638040	6638041	1.0	rs72783772	61	A	G	1	-2.1053961300017985	2.2376654288688194	0.9999721287356923	2.8960453762776987e-05	1.0	0.07902382225129391	alt	2.2376654288688194	2.8960453762776987e-05	0.07902382225129391
chr11	9708638	9708639	1.0	rs10840292	47	T	C	1	-2.9811490250337953	2.5331166352547982	1.0	8.89286841417201e-06	1.0	0.03704546659633705	alt	2.5331166352547982	8.89286841417201e-06	0.03704546659633705
chr11	74398507	74398508	1.0	rs78431863	87	C	T	1	-3.249461574415485	3.19002208265007	0.999999999984159	2.2412304617947603e-08	1.0	0.0003734562318488609	alt	3.19002208265007	2.2412304617947603e-08	0.0003734562318488609
chr11	102920527	102920528	1.0	rs7114634	83	T	G	1	-1.781274771480943	2.0133922704231635	0.999970565754583	3.2931118613265714e-05	1.0	0.07902382225129391	alt	2.0133922704231635	3.2931118613265714e-05	0.07902382225129391
chr2	152717635	152717636	1.33333	rs76489218	170	G	A	1	-2.5626254616551236	2.6725764981412246	0.9999999774957411	5.0540531655844424e-06	1.0	0.02807189596604452	alt	2.6725764981412246	5.0540531655844424e-06	0.02807189596604452
chr3	152596427	152596428	1.5	rs16864439	153	A	G	1	-2.1523984139587764	2.4671749187789693	0.9996737113617569	3.3197308753469203e-05	1.0	0.07902382225129391	alt	2.4671749187789693	3.3197308753469203e-05	0.07902382225129391
chr8	22256051	22256052	1.0	rs13249656	93	G	T	1	-2.6980218360753323	2.8397845116907425	0.9999999990552318	6.163915285320977e-08	1.0	0.0005135466019965172	alt	2.8397845116907425	6.163915285320977e-08	0.0005135466019965172
