#chr	start	end	mean_bad	id	max_cover	ref	alt	n_reps	ref_comb_es	alt_comb_es	ref_comb_pval	alt_comb_pval	ref_fdr_comb_pval	alt_fdr_comb_pval	pref_allele	comb_es	comb_pval	fdr_comb_pval	4679
chr1	218285208	218285209	1.25	rs946213	54	T	C	4	-0.8449202642918209	1.419911810348093	0.9999201952324307	3.870736160089506e-05	1.0	0.04468377179281846	alt	1.419911810348093	3.870736160089506e-05	0.04468377179281846	4679
chr2	226836101	226836102	1.0	rs13015698	39	C	T	4	1.269910909713069	-1.1296808888782472	3.8180730117392486e-05	0.9996812586400454	0.038707746717988226	1.0	ref	1.269910909713069	3.8180730117392486e-05	0.038707746717988226	4679
chr3	98901834	98901835	1.3333333333333333	rs72936680	88	C	T	3	-0.2946561593345536	1.611122855976323	0.9993437598564475	6.704241829380114e-05	1.0	0.04468377179281846	alt	1.611122855976323	6.704241829380114e-05	0.04468377179281846	4679
chr3	143971774	143971775	1.0	rs7651567	53	T	C	3	1.4999830865623078	-0.5574293252548174	5.8076139111760276e-05	0.9993950546176841	0.038707746717988226	1.0	ref	1.4999830865623078	5.8076139111760276e-05	0.038707746717988226	4679
