#chr	start	end	mean_bad	id	max_cover	ref	alt	n_reps	ref_comb_es	alt_comb_es	ref_comb_pval	alt_comb_pval	ref_fdr_comb_pval	alt_fdr_comb_pval	pref_allele	comb_es	comb_pval	fdr_comb_pval	4684
chr10	83367111	83367112	1.0	rs115343918	50	G	A	1	-2.3030771199211575	2.2785587572517274	0.9999614402345024	4.676473396648179e-05	1.0	0.09748108795313129	alt	2.2785587572517274	4.676473396648179e-05	0.09748108795313129	4684
chr2	152717635	152717636	2.0	rs76489218	87	G	T	4	-1.009862591850728	1.5636555495977822	0.9995225718396467	6.0522776046958496e-06	1.0	0.025231945333976998	alt	1.5636555495977822	6.0522776046958496e-06	0.025231945333976998	4684
