#chr	start	end	mean_bad	id	max_cover	ref	alt	n_reps	ref_comb_es	alt_comb_es	ref_comb_pval	alt_comb_pval	ref_fdr_comb_pval	alt_fdr_comb_pval	pref_allele	comb_es	comb_pval	fdr_comb_pval
chr1	19485982	19485983	1.0	rs6426806	31	G	A	2	1.617358506152275	-0.5882688184046869	0.00010619601616166754	0.8132859920603998	0.06233705664425735	0.9736362190021225	ref	1.617358506152275	0.00010619601616166754	0.06233705664425735
chr10	25016441	25016442	1.0	rs2291583	29	G	A	1	1.7241366031494438	-2.0884860585239875	0.00019153140470407694	1.0	0.07929400154748785	1.0	ref	1.7241366031494438	0.00019153140470407694	0.07929400154748785
chr10	25016444	25016445	1.0	rs2291584	30	C	A	1	1.7830302922030121	-2.1479940586176993	0.0001129294504424952	1.0	0.06233705664425735	1.0	ref	1.7830302922030121	0.0001129294504424952	0.06233705664425735
chr10	25016472	25016473	1.0	rs2291586	35	G	A	2	1.335601936494044	-1.106013616542537	0.0002809828028146669	0.9964599294653768	0.09306150429221767	1.0	ref	1.335601936494044	0.0002809828028146669	0.09306150429221767
chr11	72112858	72112859	1.0	rs2276396	31	G	C	1	1.8396138205693804	-2.204036055445178	6.629312697350012e-05	1.0	0.06233705664425735	1.0	ref	1.8396138205693804	6.629312697350012e-05	0.06233705664425735
chr11	81869926	81869927	1.0	rs77028924	41	G	A	1	1.9059039452869806	-1.883987934737677	3.842643953858063e-05	0.9994608652398582	0.06233705664425735	1.0	ref	1.9059039452869806	3.842643953858063e-05	0.06233705664425735
chr11	95151541	95151542	1.0	rs185687793	35	C	A	1	1.7695162945400296	-1.8297830622763391	0.00015948822141834023	0.9985912799171283	0.07546071276250613	1.0	ref	1.7695162945400296	0.00015948822141834023	0.07546071276250613
chr17	46194145	46194146	1.0	rs62060951	37	G	C	1	1.719490821056099	-1.6910588035828802	0.0002458388389801739	0.9977833071889556	0.09046869274470401	1.0	ref	1.719490821056099	0.0002458388389801739	0.09046869274470401
chr6	31272134	31272135	1.0	rs115120050	33	G	T	1	1.9465290244858915	-2.315209889446581	2.2567483795273722e-05	1.0	0.06233705664425735	1.0	ref	1.9465290244858915	2.2567483795273722e-05	0.06233705664425735
chr8	25458714	25458715	1.0	rs73220081	30	C	A	2	1.4763187181637254	-1.1794763700294846	7.541901976036268e-05	0.9993537231872242	0.06233705664425735	1.0	ref	1.4763187181637254	7.541901976036268e-05	0.06233705664425735
