#chr	start	end	mean_bad	id	max_cover	ref	alt	n_reps	ref_comb_es	alt_comb_es	ref_comb_pval	alt_comb_pval	ref_fdr_comb_pval	alt_fdr_comb_pval	pref_allele	comb_es	comb_pval	fdr_comb_pval	3585
10	114541534	114541535	1.0	rs2483571	63	C	T	1	-2.0101292889735802	2.1723598507776134	0.9999566313064248	3.623119842399809e-05	1.0	0.07263735636944477	alt	2.1723598507776134	3.623119842399809e-05	0.07263735636944477	3585
19	21569338	21569339	1.0	rs73550345	60	C	T	2	1.6703853420582562	-1.5562000368390496	4.731985865470692e-05	0.999839618848804	0.08544124374791352	1.0	ref	1.6703853420582562	4.731985865470692e-05	0.08544124374791352	3585
2	161244749	161244750	1.1666666666666667	rs11678980	121	G	A	3	1.319820129427287	-0.69234418319762	6.033986140389373e-05	0.9998997418064598	0.08544124374791352	1.0	ref	1.319820129427287	6.033986140389373e-05	0.08544124374791352	3585
2	208265567	208265568	1.25	rs12475932	45	A	G	2	-1.4334095217894043	1.9675757529756184	0.999957697890295	7.618689271166068e-05	1.0	0.09940934238314617	alt	1.9675757529756184	7.618689271166068e-05	0.09940934238314617	3585
4	88007651	88007652	1.166665	rs529779778	68	G	C	2	-2.504938441028736	1.901910369993015	0.9998599126062039	3.146347202018493e-05	1.0	0.07263735636944477	alt	1.901910369993015	3.146347202018493e-05	0.07263735636944477	3585
6	57961542	57961543	1.0	rs9404620	69	A	G	2	2.035208267629291	-1.4826260795544732	4.393923680252065e-06	0.9999936246590377	0.012443591862473848	1.0	ref	2.035208267629291	4.393923680252065e-06	0.012443591862473848	3585
6	70668484	70668485	1.0	rs781984	43	A	G	2	-2.5327583184186624	1.9494274472200985	0.9999770064423884	3.847317604313812e-05	1.0	0.07263735636944477	alt	1.9494274472200985	3.847317604313812e-05	0.07263735636944477	3585
6	95577390	95577391	1.0	rs7770751	166	C	T	3	1.6274125801524821	-1.1557800944614995	3.007219641056187e-07	0.9999982385270165	0.0017032892046942242	1.0	ref	1.6274125801524821	3.007219641056187e-07	0.0017032892046942242	3585
7	88220256	88220257	1.0	rs117443479	44	C	G	1	-2.3103658970822143	2.1936165717036418	0.9999195075101278	9.802358191006159e-05	1.0	0.09940934238314617	alt	2.1936165717036418	9.802358191006159e-05	0.09940934238314617	3585
9	104764337	104764338	1.0	rs62565988	35	G	A	2	-1.9421039087349392	1.7380023873996258	1.0	0.00010530650676180737	1.0	0.09940934238314617	alt	1.7380023873996258	0.00010530650676180737	0.09940934238314617	3585
