#chr	start	end	mean_bad	id	max_cover	ref	alt	n_reps	ref_comb_es	alt_comb_es	ref_comb_pval	alt_comb_pval	ref_fdr_comb_pval	alt_fdr_comb_pval	pref_allele	comb_es	comb_pval	fdr_comb_pval	3584
chr17	46194145	46194146	1.1666666666666667	rs62060951	56	G	C	3	1.640304026439302	-1.5246115788749282	3.101345441606107e-05	0.9998831592939699	0.061472789136763004	1.0	ref	1.640304026439302	3.101345441606107e-05	0.061472789136763004	3584
chr19	21569338	21569339	1.25	rs73550345	43	C	T	2	1.8460470139067788	-2.4952256448272156	5.717775316539289e-05	1.0	0.06980260106431165	1.0	ref	1.8460470139067788	5.717775316539289e-05	0.06980260106431165	3584
chr2	161244749	161244750	1.3333333333333333	rs11678980	165	G	A	3	1.5674850247466574	-0.7171828860238005	4.028361018136501e-05	0.9992689168038218	0.061472789136763004	1.0	ref	1.5674850247466574	4.028361018136501e-05	0.061472789136763004	3584
chr2	208265567	208265568	1.0	rs12475932	53	A	G	1	-2.88798477484327	2.6346003143919767	0.9999994714561043	5.275933018996208e-06	1.0	0.03220429514795285	alt	2.6346003143919767	5.275933018996208e-06	0.03220429514795285	3584
chr5	56909834	56909835	1.0	rs252923	53	T	G	1	2.211742946434828	-2.1631809869052256	8.622482330159634e-05	0.9999155047002155	0.08771938690549068	1.0	ref	2.211742946434828	8.622482330159634e-05	0.08771938690549068	3584
chr6	49463260	49463261	1.0	rs3729619	89	T	A	1	2.2916206794499585	-2.091865348199745	3.875952569921895e-06	0.9999983823350216	0.023658814486803244	1.0	ref	2.2916206794499585	3.875952569921895e-06	0.023658814486803244	3584
chr6	78867926	78867927	1.0	rs9350789	46	A	C	1	2.2401057551766677	-2.3441170547744634	0.00010888018852000148	0.9999253814175806	0.09494352438944129	1.0	ref	2.2401057551766677	0.00010888018852000148	0.09494352438944129	3584
chr6	95577390	95577391	1.0	rs7770751	166	C	T	3	1.3105154053225705	-0.0523411552410311	2.9679892073492995e-05	0.9997269376497631	0.061472789136763004	1.0	ref	1.3105154053225705	2.9679892073492995e-05	0.061472789136763004	3584
chr7	88220256	88220257	1.0	rs117443479	46	C	G	1	-2.945748729130709	2.4983512170941213	1.0	1.1339516377762752e-05	1.0	0.03460820398493192	alt	2.4983512170941213	1.1339516377762752e-05	0.03460820398493192	3584
