#chr	start	end	mean_bad	id	max_cover	ref	alt	n_reps	ref_comb_es	alt_comb_es	ref_comb_pval	alt_comb_pval	ref_fdr_comb_pval	alt_fdr_comb_pval	pref_allele	comb_es	comb_pval	fdr_comb_pval
chr11	74011575	74011576	1.0	rs826082	40	A	T	2	-1.6153786743551257	1.6698346902275092	0.9997439144282644	6.373846760058247e-05	0.9997439144282644	0.02447557155862367	alt	1.6698346902275092	6.373846760058247e-05	0.02447557155862367
chr2	175168486	175168487	1.0	rs268214	40	C	T	2	-0.8412169992559959	1.6183008382311008	0.9990479760151322	0.00021104966763966067	0.9997439144282644	0.04052153618681485	alt	1.6183008382311008	0.00021104966763966067	0.04052153618681485
