#chr	start	end	mean_bad	id	max_cover	ref	alt	n_reps	ref_comb_es	alt_comb_es	ref_comb_pval	alt_comb_pval	ref_fdr_comb_pval	alt_fdr_comb_pval	pref_allele	comb_es	comb_pval	fdr_comb_pval
chr1	9943261	9943262	1.0	rs1234694	101	G	A	1	-1.9610562419091258	2.184026743788597	0.9999992221010182	4.033859722505902e-06	1.0	0.024023144181255757	alt	2.184026743788597	4.033859722505902e-06	0.024023144181255757
chr10	1149945	1149946	1.0	rs11250286	64	C	T	1	2.660851278610888	-2.696598977913137	4.605353153931792e-06	0.9999995269666698	0.023907923339777908	1.0	ref	2.660851278610888	4.605353153931792e-06	0.023907923339777908
chr11	44569178	44569179	1.0	rs10769059	118	G	A	1	2.4940158035258086	-2.2994784212061194	1.5359398124339722e-07	0.9999999955009693	0.002392072663884668	1.0	ref	2.4940158035258086	1.5359398124339722e-07	0.002392072663884668
chr12	51238670	51238671	1.0	rs3888223	75	G	T	1	-3.2145544739066643	3.0716260473250308	0.999999999627001	1.228004955560592e-07	1.0	0.0019124949177900658	alt	3.0716260473250308	1.228004955560592e-07	0.0019124949177900658
chr14	63384001	63384002	1.0	rs7150819	66	C	A	1	-2.4088731526145897	2.4975689262573444	0.9999984906683639	4.62754799947138e-06	1.0	0.024023144181255757	alt	2.4975689262573444	4.62754799947138e-06	0.024023144181255757
chr15	38696558	38696559	1.33333	rs7171233	159	T	A	1	-2.4492774646364985	2.559567536312038	0.9999998450017403	1.134732511230321e-05	1.0	0.044180810324752545	alt	2.559567536312038	1.134732511230321e-05	0.044180810324752545
chr19	12914272	12914273	1.0	rs181091434	93	G	C	1	-1.8011817533473335	2.0340012997839905	0.9999891713441329	1.7796628408660686e-05	1.0	0.05543293816729631	alt	2.0340012997839905	1.7796628408660686e-05	0.05543293816729631
chr9	5841972	5841973	1.5	rs10975314	174	T	C	1	2.9253601207753555	-2.6472884754132044	2.798615272539129e-06	0.999918625484115	0.021792817127262196	1.0	ref	2.9253601207753555	2.798615272539129e-06	0.021792817127262196
