#chr	start	end	mean_bad	id	max_cover	ref	alt	n_reps	ref_comb_es	alt_comb_es	ref_comb_pval	alt_comb_pval	ref_fdr_comb_pval	alt_fdr_comb_pval	pref_allele	comb_es	comb_pval	fdr_comb_pval
chr10	58385237	58385238	1.0	rs2279339	53	C	A	2	1.901396121384578	-1.529649411538691	8.220409721596986e-06	0.9999762549377051	0.03946618707338713	1.0	ref	1.901396121384578	8.220409721596986e-06	0.03946618707338713
chr12	102898993	102898994	2.0	rs1391685	66	A	C	2	-1.789623624851468	2.00131341574247	0.9974119124308591	6.57740192341425e-05	1.0	0.07894526658577954	alt	2.00131341574247	6.57740192341425e-05	0.07894526658577954
chr2	176092436	176092437	1.0	rs114813623	52	T	C	2	-1.5504786853945174	2.2443461593402407	0.9999991625750142	3.1817162779381174e-06	1.0	0.015275419850380901	alt	2.2443461593402407	3.1817162779381174e-06	0.015275419850380901
chr2	219552505	219552506	1.0	rs60549465	42	G	T	1	-2.7957927242524563	2.3502525781049877	1.0	3.098254591510412e-05	1.0	0.04958240097947163	alt	2.3502525781049877	3.098254591510412e-05	0.04958240097947163
chr3	48051642	48051643	1.0	rs7627645	38	A	T	2	-1.8453089046265296	1.8842681359365607	0.9999872587321169	1.440418276077378e-05	1.0	0.03457724071723746	alt	1.8842681359365607	1.440418276077378e-05	0.03457724071723746
