#chr	start	end	mean_bad	id	max_cover	ref	alt	n_reps	ref_comb_es	alt_comb_es	ref_comb_pval	alt_comb_pval	ref_fdr_comb_pval	alt_fdr_comb_pval	pref_allele	comb_es	comb_pval	fdr_comb_pval
chr19	19776768	19776769	1.8333333333333333	rs248945	53	A	C	3	-1.1722840696877044	1.5360923227638859	0.999727116277678	0.00013961481527402877	1.0	0.0839922728688557	alt	1.5360923227638859	0.00013961481527402877	0.0839922728688557
chr19	27868272	27868273	1.3333333333333333	rs11667751	95	C	T	3	-2.021686457689757	2.2579438624928208	0.9999999712202415	9.015057138987075e-08	1.0	0.00027117291874073125	alt	2.2579438624928208	9.015057138987075e-08	0.00027117291874073125
chr2	75376175	75376176	1.0	rs55892887	42	C	A	1	-2.7957927242524563	2.3502525781049877	1.0	3.098254591510412e-05	1.0	0.0310651660375444	alt	2.3502525781049877	3.098254591510412e-05	0.0310651660375444
chr2	75376201	75376202	1.0	rs56337411	49	A	C	1	-2.4957221978635533	2.3764806288534523	0.9999861535517532	2.8633507334738312e-05	1.0	0.0310651660375444	alt	2.3764806288534523	2.8633507334738312e-05	0.0310651660375444
chr6	88545537	88545538	2.3333333333333335	rs56803774	56	A	G	3	-0.9081602700064989	1.6966428511917044	0.9995846129351358	0.00010668634481394851	1.0	0.08022813130008928	alt	1.6966428511917044	0.00010668634481394851	0.08022813130008928
