#chr	start	end	mean_bad	id	max_cover	ref	alt	n_reps	ref_comb_es	alt_comb_es	ref_comb_pval	alt_comb_pval	ref_fdr_comb_pval	alt_fdr_comb_pval	pref_allele	comb_es	comb_pval	fdr_comb_pval
chr11	119107421	119107422	1.0	rs7936752	32	C	G	1	-2.3090537987148285	1.914527662436543	1.0	2.97699122298469e-05	1.0	0.04739370026991627	alt	1.914527662436543	2.97699122298469e-05	0.04739370026991627
chr16	46390833	46390834	2.0	rs4349173	241	G	A	1	1.2038084549954915	-0.9826054146277539	2.013815428505068e-06	0.9999864666387583	0.006411988324360136	1.0	ref	1.2038084549954915	2.013815428505068e-06	0.006411988324360136
