#chr	start	end	mean_bad	id	max_cover	ref	alt	n_reps	ref_comb_es	alt_comb_es	ref_comb_pval	alt_comb_pval	ref_fdr_comb_pval	alt_fdr_comb_pval	pref_allele	comb_es	comb_pval	fdr_comb_pval
chr3	130112078	130112079	1.0	rs60352193	43	A	C	1	2.365481694898684	-2.7903793542564714	4.466189338588667e-05	1.0	0.08784994429003908	1.0	ref	2.365481694898684	4.466189338588667e-05	0.08784994429003908
