#chr	start	end	mean_bad	id	max_cover	ref	alt	n_reps	ref_comb_es	alt_comb_es	ref_comb_pval	alt_comb_pval	ref_fdr_comb_pval	alt_fdr_comb_pval	pref_allele	comb_es	comb_pval	fdr_comb_pval	4724
16	46390830	46390831	4.0	rs4380205	219	A	G	2	0.7332758576236346	-0.48944440391428123	3.8219788426424856e-05	0.9946245710178041	0.004242396515333159	1.0	ref	0.7332758576236346	3.8219788426424856e-05	0.004242396515333159	4724
8	57210190	57210191	1.0	rs6996550	32	A	G	2	1.2613690139347626	-1.4104141534113497	0.0005694967199101338	0.988679021260683	0.031607067955012426	1.0	ref	1.2613690139347626	0.0005694967199101338	0.031607067955012426	4724
