#chr	start	end	mean_bad	id	max_cover	ref	alt	n_reps	ref_comb_es	alt_comb_es	ref_comb_pval	alt_comb_pval	ref_fdr_comb_pval	alt_fdr_comb_pval	pref_allele	comb_es	comb_pval	fdr_comb_pval	3706
11	34916531	34916532	1.0	rs375130125	51	G	C	2	1.7480853103307654	-1.7044683347835416	3.0768317544868236e-05	0.9999288034636729	0.04449098716987947	1.0	ref	1.7480853103307654	3.0768317544868236e-05	0.04449098716987947	3706
12	34022365	34022366	1.0	rs12372721	42	C	T	2	1.8295149642494155	-1.807882124714426	2.3406094614915958e-05	0.9999584255478385	0.04449098716987947	1.0	ref	1.8295149642494155	2.3406094614915958e-05	0.04449098716987947	3706
12	103626682	103626683	1.0	rs831684	40	T	C	2	-2.458967391090086	2.0684771130111557	1.0	2.669921019447674e-06	1.0	0.01158211738236401	alt	2.0684771130111557	2.669921019447674e-06	0.01158211738236401	3706
3	27167100	27167101	1.3333333333333333	rs73036939	59	G	C	3	1.7117409178124943	-1.0633928639545736	5.529629580656466e-06	0.9999793869647551	0.023987533120887753	1.0	ref	1.7117409178124943	5.529629580656466e-06	0.023987533120887753	3706
5	34591965	34591966	1.0	rs11744944	33	C	G	3	1.5310682066175347	-0.8492454944518046	4.7055074400891294e-05	0.8880119119587301	0.051031228187766606	0.9716126590377281	ref	1.5310682066175347	4.7055074400891294e-05	0.051031228187766606	3706
