#chr	start	end	mean_bad	id	max_cover	ref	alt	n_reps	ref_comb_es	alt_comb_es	ref_comb_pval	alt_comb_pval	ref_fdr_comb_pval	alt_fdr_comb_pval	pref_allele	comb_es	comb_pval	fdr_comb_pval
chr1	16613698	16613699	1.0	rs1762929	35	G	A	3	-1.4258239216068365	1.565206625845265	0.999166608614709	7.463939481253119e-06	1.0	0.012136365596517571	alt	1.565206625845265	7.463939481253119e-06	0.012136365596517571
