#chr	start	end	mean_bad	id	max_cover	ref	alt	n_reps	ref_comb_es	alt_comb_es	ref_comb_pval	alt_comb_pval	ref_fdr_comb_pval	alt_fdr_comb_pval	pref_allele	comb_es	comb_pval	fdr_comb_pval
chr2	108403807	108403808	1.0	rs13405541	104	T	C	1	2.0148583435549066	-1.80239285778808	1.1283511465462104e-05	0.9999931794966886	0.0736023452892093	1.0	ref	2.0148583435549066	1.1283511465462104e-05	0.0736023452892093
chr6	14094964	14094965	1.0	rs6939902	54	C	G	1	-2.6655923535068218	2.5387520577523293	0.9999978874922301	8.935180620775321e-06	1.0	0.05828418318931742	alt	2.5387520577523293	8.935180620775321e-06	0.05828418318931742
