#chr	start	end	mean_bad	id	max_cover	ref	alt	n_reps	ref_comb_es	alt_comb_es	ref_comb_pval	alt_comb_pval	ref_fdr_comb_pval	alt_fdr_comb_pval	pref_allele	comb_es	comb_pval	fdr_comb_pval
chr12	75842420	75842421	1.0	rs1565766	67	T	C	1	-1.9738130181347766	2.163055292395799	0.9999650110606862	2.981098644661896e-05	1.0	0.08207560788483131	alt	2.163055292395799	2.981098644661896e-05	0.08207560788483131
chr12	104865465	104865466	1.0	rs10861282	108	C	A	1	2.340392614412597	-2.1456616710808625	8.686547785469084e-07	0.9999999212667052	0.011957901681476741	1.0	ref	2.340392614412597	8.686547785469084e-07	0.011957901681476741
chr12	122490285	122490286	1.0	rs7311573	53	G	C	1	-2.407713010222559	2.3780944308026415	0.9999868306537888	2.276850885613701e-05	1.0	0.07835782322839552	alt	2.3780944308026415	2.276850885613701e-05	0.07835782322839552
chr22	29202888	29202889	1.0	rs132362	68	G	A	1	2.5097537504360767	-2.426417027467585	6.4431295757404224e-06	0.9999981327036406	0.04434806086982133	1.0	ref	2.5097537504360767	6.4431295757404224e-06	0.04434806086982133
chr22	42965136	42965137	1.0	rs2413737	47	C	G	1	-2.6827143232969153	2.437563467332423	0.9999946416282118	2.0959418214392517e-05	1.0	0.07835782322839552	alt	2.437563467332423	2.0959418214392517e-05	0.07835782322839552
chr3	39216400	39216401	1.0	rs11707681	93	C	T	1	-1.8950459725369848	2.1251880273140555	0.9999961275788027	9.422552147763069e-06	1.0	0.07835782322839552	alt	2.1251880273140555	9.422552147763069e-06	0.07835782322839552
chr5	164869405	164869406	1.0	rs7719591	48	C	T	1	-2.460321901960467	2.3417152106927754	0.9999801970143047	3.642455374383177e-05	1.0	0.08357006780626469	alt	2.3417152106927754	3.642455374383177e-05	0.08357006780626469
chr6	122714292	122714293	1.0	rs9398693	54	G	A	1	-2.4418506902549826	2.4098032905299798	0.9999910220939617	1.7993377218123313e-05	1.0	0.07835782322839552	alt	2.4098032905299798	1.7993377218123313e-05	0.07835782322839552
