#chr	start	end	mean_bad	id	max_cover	ref	alt	n_reps	ref_comb_es	alt_comb_es	ref_comb_pval	alt_comb_pval	ref_fdr_comb_pval	alt_fdr_comb_pval	pref_allele	comb_es	comb_pval	fdr_comb_pval	3543
chr17	18781173	18781174	2.6666666666666665	rs59588820	66	A	G	3	2.0426088160178613	0.14795515576489265	1.0748200293794506e-05	0.999983314757373	0.03801638443915117	1.0	ref	2.0426088160178613	1.0748200293794506e-05	0.03801638443915117	3543
chr17	66275870	66275871	1.0	rs6504407	85	A	C	1	2.21032057734811	-2.0112163312598446	8.504227280273142e-06	0.9999949610818554	0.037599314862907636	1.0	ref	2.21032057734811	8.504227280273142e-06	0.037599314862907636	3543
chr19	20052118	20052119	1.5	rs55815247	105	G	A	2	2.09295479452173	-1.8577738056005388	2.2250736553896037e-06	0.9999967442224712	0.019675213797782573	1.0	ref	2.09295479452173	2.2250736553896037e-06	0.019675213797782573	3543
chr19	20052131	20052132	1.0	rs6511073	64	A	G	1	2.660851278610888	-2.696598977913137	4.605353153931792e-06	0.9999995269666698	0.027148556842427913	1.0	ref	2.660851278610888	4.605353153931792e-06	0.027148556842427913	3543
chr6	31357226	31357227	1.0	rs9266209	49	G	A	1	2.4802428577752416	-2.714431345709431	2.6268527169729348e-05	0.9999948998221795	0.07742648383277725	1.0	ref	2.4802428577752416	2.6268527169729348e-05	0.07742648383277725	3543
chr8	22109377	22109378	1.0	rs7844183	45	C	A	2	1.8241525317083158	-1.158108272506084	3.625076995387369e-05	0.9999280804913462	0.09158498094775089	1.0	ref	1.8241525317083158	3.625076995387369e-05	0.09158498094775089	3543
chr8	95269267	95269268	1.0	rs539234950	66	T	A	1	2.9608686986816624	-3.2113827135204547	9.795428446958497e-07	0.9999999927379627	0.017323215208446104	1.0	ref	2.9608686986816624	9.795428446958497e-07	0.017323215208446104	3543
