#chr	start	end	mean_bad	id	max_cover	ref	alt	n_reps	ref_comb_es	alt_comb_es	ref_comb_pval	alt_comb_pval	ref_fdr_comb_pval	alt_fdr_comb_pval	pref_allele	comb_es	comb_pval	fdr_comb_pval
chr11	71787340	71787341	1.0	rs12418197	49	A	G	1	2.576985800092396	-3.0111778934601756	1.1521739523769703e-05	1.0	0.07255239378117782	1.0	ref	2.576985800092396	1.1521739523769703e-05	0.07255239378117782
chr6	149014872	149014873	1.0	rs2486416	53	C	T	1	-2.6344957681973784	2.5077251621317047	0.9999969554012293	1.1222194522930516e-05	1.0	0.07066615891089345	alt	2.5077251621317047	1.1222194522930516e-05	0.07066615891089345
