#chr	start	end	mean_bad	id	max_cover	ref	alt	n_reps	ref_comb_es	alt_comb_es	ref_comb_pval	alt_comb_pval	ref_fdr_comb_pval	alt_fdr_comb_pval	pref_allele	comb_es	comb_pval	fdr_comb_pval
chr1	1746484	1746485	1.0	rs146561796	63	C	G	1	2.2536000678445767	-2.1219798711249167	3.416610440784697e-05	0.9999703345470772	0.06337242932582149	1.0	ref	2.2536000678445767	3.416610440784697e-05	0.06337242932582149
chr11	3422694	3422695	1.0	rs10834031	45	A	G	1	2.3393803219353924	-2.5665094761109115	6.331957700163891e-05	0.9999786270205586	0.08808544655640493	1.0	ref	2.3393803219353924	6.331957700163891e-05	0.08808544655640493
chr16	14975050	14975051	1.0	rs28418438	94	C	G	1	2.0934778739420805	-1.8838559018195955	1.1089895633403518e-05	0.9999934455210379	0.06013568085464537	1.0	ref	2.0934778739420805	1.1089895633403518e-05	0.06013568085464537
chr2	178212209	178212210	1.0	rs334020	54	G	A	1	2.5092923879920566	-2.622752551965211	1.903629357596208e-05	0.999995817587925	0.06013568085464537	1.0	ref	2.5092923879920566	1.903629357596208e-05	0.06013568085464537
chr2	178212217	178212218	1.0	rs74411857	51	G	A	1	-2.822750509501403	2.571864559044014	0.9999988361535788	8.263068499354797e-06	1.0	0.05118346094664136	alt	2.571864559044014	8.263068499354797e-06	0.05118346094664136
chr21	45556196	45556197	1.0	rs3746988	58	C	T	1	2.236735256029661	-2.139577294839247	5.370786599870779e-05	0.9999494231282924	0.08538783438565986	1.0	ref	2.236735256029661	5.370786599870779e-05	0.08538783438565986
chr3	75435381	75435382	1.0	rs113390052	67	G	A	1	2.238159147154164	-2.0830671726330294	2.701755811602362e-05	0.9999750117369225	0.06013568085464537	1.0	ref	2.238159147154164	2.701755811602362e-05	0.06013568085464537
chr3	168249591	168249592	1.0	rs9990407	60	G	T	1	-2.425166788252424	2.460153636661987	0.9999964651611282	9.198213846103218e-06	1.0	0.05118346094664136	alt	2.460153636661987	9.198213846103218e-06	0.05118346094664136
chr6	10747636	10747637	1.0	rs57668950	53	T	C	1	2.478265492371432	-2.59066680861148	2.346912933539839e-05	0.9999942108956767	0.06013568085464537	1.0	ref	2.478265492371432	2.346912933539839e-05	0.06013568085464537
chr9	86127547	86127548	1.0	rs115147338	58	T	C	1	2.497352546328009	-2.522624057762207	1.546156893109782e-05	0.9999960284465639	0.06013568085464537	1.0	ref	2.497352546328009	1.546156893109782e-05	0.06013568085464537
