#chr	start	end	mean_bad	id	max_cover	ref	alt	n_reps	ref_comb_es	alt_comb_es	ref_comb_pval	alt_comb_pval	ref_fdr_comb_pval	alt_fdr_comb_pval	pref_allele	comb_es	comb_pval	fdr_comb_pval
chr1	72568352	72568353	1.0	rs2255606	79	T	C	1	-2.723513587833519	2.79873846097791	0.9999999899966827	2.9400266450579767e-07	1.0	0.0029968524243979906	alt	2.79873846097791	2.9400266450579767e-07	0.0029968524243979906
chr19	20661724	20661725	1.0	rs3853383	137	T	A	1	2.0050127631643724	-1.8198865530558992	2.2496414959079997e-06	0.9999997922364462	0.045024324899102706	1.0	ref	2.0050127631643724	2.2496414959079997e-06	0.045024324899102706
chr3	3837075	3837076	1.0	rs74747574	67	C	G	1	-3.2716340492652938	3.010748800277226	0.9999999985276813	2.994756095131399e-07	1.0	0.0029968524243979906	alt	3.010748800277226	2.994756095131399e-07	0.0029968524243979906
chr5	147065273	147065274	1.0	rs1383175	48	C	A	1	-3.0165774631875073	2.5670639671781355	1.0	6.996046108250855e-06	1.0	0.046672955603510875	alt	2.5670639671781355	6.996046108250855e-06	0.046672955603510875
