#chr	start	end	mean_bad	id	max_cover	ref	alt	n_reps	ref_comb_es	alt_comb_es	ref_comb_pval	alt_comb_pval	ref_fdr_comb_pval	alt_fdr_comb_pval	pref_allele	comb_es	comb_pval	fdr_comb_pval
chr16	54929345	54929346	1.0	rs12599635	40	C	G	1	-2.7110844207529285	2.270082229421004	1.0	5.2295795831359214e-05	1.0	0.08764889075013126	alt	2.270082229421004	5.2295795831359214e-05	0.08764889075013126
chr4	75099489	75099490	1.0	rs9990774	62	A	C	1	2.3522124734495975	-2.259483394874852	2.2549724241563836e-05	0.9999868212771277	0.08255454044836522	1.0	ref	2.3522124734495975	2.2549724241563836e-05	0.08255454044836522
chr5	56909529	56909530	1.0	rs185220	53	A	G	1	-2.407713010222559	2.3780944308026415	0.9999868306537888	2.276850885613701e-05	1.0	0.08335551092231759	alt	2.3780944308026415	2.276850885613701e-05	0.08335551092231759
chr5	83653870	83653871	1.0	rs59128731	42	T	A	1	-2.491135732355888	2.2499364641566513	0.99996626805438	7.182372910417748e-05	1.0	0.08764889075013126	alt	2.2499364641566513	7.182372910417748e-05	0.08764889075013126
chr7	136293405	136293406	1.0	rs1426477	53	A	G	1	-2.0165774631875073	2.1164787589018386	0.9998527599342085	9.60400996813157e-05	1.0	0.0879007012333242	alt	2.1164787589018386	9.60400996813157e-05	0.0879007012333242
