#chr	start	end	mean_bad	id	max_cover	ref	alt	n_reps	ref_comb_es	alt_comb_es	ref_comb_pval	alt_comb_pval	ref_fdr_comb_pval	alt_fdr_comb_pval	pref_allele	comb_es	comb_pval	fdr_comb_pval
chr1	16613698	16613699	1.0	rs1762929	44	G	A	1	-2.8730425438244622	2.4262014313382863	1.0	1.8617603141306835e-05	1.0	0.027777463886829796	alt	2.4262014313382863	1.8617603141306835e-05	0.027777463886829796
