#chr	start	end	mean_bad	id	max_cover	ref	alt	n_reps	ref_comb_es	alt_comb_es	ref_comb_pval	alt_comb_pval	ref_fdr_comb_pval	alt_fdr_comb_pval	pref_allele	comb_es	comb_pval	fdr_comb_pval
chr1	247937164	247937165	1.0	rs6667031	84	A	C	1	2.0857359889666376	-1.8774102508783832	2.0045198388249732e-05	0.9999820882217368	0.04373894845388666	1.0	ref	2.0857359889666376	2.0045198388249732e-05	0.04373894845388666
chr10	34427394	34427395	1.0	rs773949	62	T	G	1	2.3522124734495975	-2.259483394874852	2.2549724241563836e-05	0.9999868212771277	0.04373894845388666	1.0	ref	2.3522124734495975	2.2549724241563836e-05	0.04373894845388666
chr13	108728521	108728522	1.0	rs13378875	65	C	G	1	2.3080478518669523	-2.1818259171140344	2.2238189337103402e-05	0.9999840280214194	0.04373894845388666	1.0	ref	2.3080478518669523	2.2238189337103402e-05	0.04373894845388666
chr17	58659236	58659237	1.0	rs71372848	81	G	C	1	2.3398038113451944	-2.157518170071118	5.147464365212294e-06	0.9999977735250726	0.02995309514117034	1.0	ref	2.3398038113451944	5.147464365212294e-06	0.02995309514117034
chr18	69879162	69879163	1.0	rs191118733	51	T	C	1	2.5458311994028184	-2.7804363533519005	1.720755143975245e-05	0.9999977935150599	0.04373894845388666	1.0	ref	2.5458311994028184	1.720755143975245e-05	0.04373894845388666
chr19	633531	633532	1.0	rs575064272	54	C	G	1	2.732264025570307	-3.1708401861775735	4.035806901573953e-06	1.0	0.02995309514117034	1.0	ref	2.732264025570307	4.035806901573953e-06	0.02995309514117034
