#chr	start	end	mean_bad	id	max_cover	ref	alt	n_reps	ref_comb_es	alt_comb_es	ref_comb_pval	alt_comb_pval	ref_fdr_comb_pval	alt_fdr_comb_pval	pref_allele	comb_es	comb_pval	fdr_comb_pval
chr17	58659236	58659237	1.0	rs71372848	68	G	C	1	2.760386952161803	-2.7963452142416108	2.1325123406324734e-06	0.9999998880964086	0.024111460031449133	1.0	ref	2.760386952161803	2.1325123406324734e-06	0.024111460031449133
chr3	145316543	145316544	1.0	rs10935549	56	C	T	1	2.4384588572744406	-2.461505389726609	2.3524438804374503e-05	0.9999914230052406	0.09980635236735956	1.0	ref	2.4384588572744406	2.3524438804374503e-05	0.09980635236735956
chr9	17268731	17268732	1.0	rs182782936	65	T	G	1	2.6863863707180258	-2.7218893074729866	3.788727220529405e-06	0.9999996579645004	0.024111460031449133	1.0	ref	2.6863863707180258	3.788727220529405e-06	0.024111460031449133
