#chr	start	end	mean_bad	id	max_cover	ref	alt	n_reps	ref_comb_es	alt_comb_es	ref_comb_pval	alt_comb_pval	ref_fdr_comb_pval	alt_fdr_comb_pval	pref_allele	comb_es	comb_pval	fdr_comb_pval
chr11	66312314	66312315	1.0	rs490972	45	G	A	1	-2.6100081379906683	2.365413681576588	0.9999888019643718	3.397928838938224e-05	1.0	0.060843313790027845	alt	2.365413681576588	3.397928838938224e-05	0.060843313790027845
chr11	66312315	66312316	1.0	rs565972	45	G	A	1	-2.6100081379906683	2.365413681576588	0.9999888019643718	3.397928838938224e-05	1.0	0.060843313790027845	alt	2.365413681576588	3.397928838938224e-05	0.060843313790027845
chr19	10871321	10871322	1.0	rs547016951	96	C	A	1	-1.8627027670782823	2.092104254347558	0.9999968347761528	1.0148432030537495e-05	1.0	0.04542945598470109	alt	2.092104254347558	1.0148432030537495e-05	0.04542945598470109
chr3	47009535	47009536	1.0	rs2305640	61	A	G	1	-2.4516951677094276	2.4881680128315846	0.9999974001526717	7.334444435555568e-06	1.0	0.04542945598470109	alt	2.4881680128315846	7.334444435555568e-06	0.04542945598470109
chr4	9691628	9691629	1.0	rs7678732	84	T	C	1	2.7429849085835016	-2.6324337295624476	4.986745303755812e-07	0.9999999772685513	0.004464633070452579	1.0	ref	2.7429849085835016	4.986745303755812e-07	0.004464633070452579
chr4	184734432	184734433	1.0	rs77956996	66	G	C	1	2.334520063228144	-2.208598054716888	1.7980590656566125e-05	0.9999885053661252	0.08049011407411825	1.0	ref	2.334520063228144	1.7980590656566125e-05	0.08049011407411825
chrX	103215032	103215033	1.0	rs3747299	55	G	C	1	-2.2719256888126704	2.311290250747505	0.9999770396293199	2.936824439672675e-05	1.0	0.060843313790027845	alt	2.311290250747505	2.936824439672675e-05	0.060843313790027845
