#chr	start	end	mean_bad	id	max_cover	ref	alt	n_reps	ref_comb_es	alt_comb_es	ref_comb_pval	alt_comb_pval	ref_fdr_comb_pval	alt_fdr_comb_pval	pref_allele	comb_es	comb_pval	fdr_comb_pval
chr11	36594507	36594508	1.0	rs116109232	66	G	C	1	2.4591276773661086	-2.374670883025775	9.719903082776523e-06	0.9999965708857589	0.07517373044219364	1.0	ref	2.4591276773661086	9.719903082776523e-06	0.07517373044219364
chr9	84367988	84367989	1.0	rs7022691	63	C	T	1	2.7620584583720227	-2.889244055855533	3.1968619662256226e-06	0.9999998547462872	0.04944906089357793	1.0	ref	2.7620584583720227	3.1968619662256226e-06	0.04944906089357793
