#chr	start	end	mean_bad	id	max_cover	ref	alt	n_reps	ref_comb_es	alt_comb_es	ref_comb_pval	alt_comb_pval	ref_fdr_comb_pval	alt_fdr_comb_pval	pref_allele	comb_es	comb_pval	fdr_comb_pval
chr1	16613861	16613862	1.0	rs569028386	50	C	G	1	2.1098633324156144	-2.0554334093796776	0.00017051040351803528	0.9997725155422985	0.009207561789973905	0.9997725155422985	ref	2.1098633324156144	0.00017051040351803528	0.009207561789973905
