#chr	start	end	mean_bad	id	max_cover	ref	alt	n_reps	ref_comb_es	alt_comb_es	ref_comb_pval	alt_comb_pval	ref_fdr_comb_pval	alt_fdr_comb_pval	pref_allele	comb_es	comb_pval	fdr_comb_pval
chr1	16613698	16613699	1.0	rs1762929	100	G	A	1	-1.768435567703202	1.9918280201873086	0.9999941083971003	1.8041783244780078e-05	1.0	0.09627997628576888	alt	1.9918280201873086	1.8041783244780078e-05	0.09627997628576888
chr12	8243214	8243215	1.0	rs4883091	100	A	T	1	1.9427085577990715	-1.7275205211633313	2.293939223181597e-05	0.9999807302378869	0.0932814016122377	1.0	ref	1.9427085577990715	2.293939223181597e-05	0.0932814016122377
chr13	52609164	52609165	1.0	rs9536195	46	T	C	1	2.3759061979605063	-2.6044227195206	5.05948289048669e-05	0.9999858941080318	0.0932814016122377	1.0	ref	2.3759061979605063	5.05948289048669e-05	0.0932814016122377
chr19	52786833	52786834	1.0	rs1559238	54	A	G	1	2.6389406037942997	-2.876542889005453	9.304479701133241e-06	0.9999992598676775	0.0932814016122377	1.0	ref	2.6389406037942997	9.304479701133241e-06	0.0932814016122377
chr3	39417579	39417580	1.0	rs71325531	56	T	G	1	2.3069001794751682	-2.260182472580503	4.437771787964153e-05	0.9999694308641104	0.0932814016122377	1.0	ref	2.3069001794751682	4.437771787964153e-05	0.0932814016122377
chr4	9691628	9691629	1.0	rs7678732	76	T	C	1	2.0086867161784596	-1.7963452142416108	5.243965236329301e-05	0.9999188040319165	0.0932814016122377	1.0	ref	2.0086867161784596	5.243965236329301e-05	0.0932814016122377
chr8	17608833	17608834	1.0	rs2588119	54	C	T	1	2.3770583126102975	-2.3980217306690843	3.6093700743274016e-05	0.9999833829740098	0.0932814016122377	1.0	ref	2.3770583126102975	3.6093700743274016e-05	0.0932814016122377
chrX	106177282	106177283	1.0	rs139545664	64	C	G	1	-2.532145808348435	2.569088008215152	0.9999991579308672	3.7601843299978114e-06	1.0	0.04013244735406664	alt	2.569088008215152	3.7601843299978114e-06	0.04013244735406664
