#chr	start	end	mean_bad	id	max_cover	ref	alt	n_reps	ref_comb_es	alt_comb_es	ref_comb_pval	alt_comb_pval	ref_fdr_comb_pval	alt_fdr_comb_pval	pref_allele	comb_es	comb_pval	fdr_comb_pval
chr1	161612611	161612612	1.0	rs74127051	74	A	T	1	2.651772755308505	-2.5739059969562628	1.9475554433569008e-06	0.9999998214618985	0.011728178879895256	1.0	ref	2.651772755308505	1.9475554433569008e-06	0.011728178879895256
chr10	3064664	3064665	1.0	rs7923030	112	C	A	1	-1.975811285018775	2.1982788976547347	0.9999998515260502	2.209158839973111e-06	1.0	0.008265429238673173	alt	2.1982788976547347	2.209158839973111e-06	0.008265429238673173
chr13	42392875	42392876	1.0	rs7987728	56	T	A	1	-2.9798652479179397	2.7238676524890635	0.9999998600129137	2.745077794311914e-06	1.0	0.008265429238673173	alt	2.7238676524890635	2.745077794311914e-06	0.008265429238673173
chr5	54646574	54646575	1.0	rs895328	70	A	G	1	-2.0577205626007413	2.241057804397072	0.999987176754047	1.5183845245421952e-05	1.0	0.022859279016982748	alt	2.241057804397072	1.5183845245421952e-05	0.022859279016982748
chr6	42979274	42979275	1.0	rs9462860	55	G	C	1	-2.472947275564426	2.4408301861506043	0.9999936877861082	1.4251393482485914e-05	1.0	0.022859279016982748	alt	2.4408301861506043	1.4251393482485914e-05	0.022859279016982748
