#chr	start	end	mean_bad	id	max_cover	ref	alt	n_reps	ref_comb_es	alt_comb_es	ref_comb_pval	alt_comb_pval	ref_fdr_comb_pval	alt_fdr_comb_pval	pref_allele	comb_es	comb_pval	fdr_comb_pval
chr12	131093277	131093278	1.0	rs1725831	47	A	G	1	-2.4237843759981756	2.3060913009620543	0.9999723383004524	4.646015294071061e-05	1.0	0.0715241268387581	alt	2.3060913009620543	4.646015294071061e-05	0.0715241268387581
chr14	101073424	101073425	1.0	rs2277463	68	A	G	1	-1.8668978142182646	2.0744139035735474	0.9999307956834704	4.860957376563688e-05	1.0	0.0715241268387581	alt	2.0744139035735474	4.860957376563688e-05	0.0715241268387581
chr18	23423302	23423303	1.0	rs36091929	98	C	G	1	-1.7251992433283476	1.9543533147686452	0.9999894485505059	2.581473288140638e-05	1.0	0.0715241268387581	alt	1.9543533147686452	2.581473288140638e-05	0.0715241268387581
chr19	40875741	40875742	1.0	rs12460590	49	A	C	1	2.576985800092396	-3.0111778934601756	1.1521739523769703e-05	1.0	0.07112529105733158	1.0	ref	2.576985800092396	1.1521739523769703e-05	0.07112529105733158
chr3	130111581	130111582	1.0	rs72990317	84	A	G	1	2.0857359889666376	-1.8774102508783832	2.0045198388249732e-05	0.9999820882217368	0.07112529105733158	1.0	ref	2.0857359889666376	2.0045198388249732e-05	0.07112529105733158
chr4	3955687	3955688	1.0	rs12186309	52	T	C	1	2.4465566326440937	-2.5580439320154524	2.9003109035203853e-05	0.9999916161575422	0.07112529105733158	1.0	ref	2.4465566326440937	2.9003109035203853e-05	0.07112529105733158
chr6	42979274	42979275	1.0	rs9462860	59	G	C	1	-2.044365900499403	2.178771739815251	0.9999430967275483	4.633207800916911e-05	1.0	0.0715241268387581	alt	2.178771739815251	4.633207800916911e-05	0.0715241268387581
chr6	47656378	47656379	1.0	rs1485782	43	C	T	1	-2.8359736633841695	2.3887267259196228	1.0	2.397560192529124e-05	1.0	0.0715241268387581	alt	2.3887267259196228	2.397560192529124e-05	0.0715241268387581
