#chr	start	end	mean_bad	id	max_cover	ref	alt	n_reps	ref_comb_es	alt_comb_es	ref_comb_pval	alt_comb_pval	ref_fdr_comb_pval	alt_fdr_comb_pval	pref_allele	comb_es	comb_pval	fdr_comb_pval
chr1	234778380	234778381	1.0	rs2804778	58	C	A	1	-2.363480197239176	2.4024381388057003	0.9999924412560588	1.45496198951383e-05	1.0	0.0712640382463874	alt	2.4024381388057003	1.45496198951383e-05	0.0712640382463874
chr11	3423125	3423126	1.0	rs1981508	60	G	C	1	2.424736669769026	-2.3820189336754787	1.879871754742152e-05	0.9999923936072003	0.03069203951575687	1.0	ref	2.424736669769026	1.879871754742152e-05	0.03069203951575687
chr16	14975050	14975051	1.0	rs28418438	81	C	G	1	2.451112322862289	-2.287033077949913	2.798604233508241e-06	0.9999991616006433	0.013707563535723364	1.0	ref	2.451112322862289	2.798604233508241e-06	0.013707563535723364
chr3	130111581	130111582	1.0	rs72990317	74	A	G	1	1.9597771156975128	-1.748345122354947	7.928450292588351e-05	0.999853282670469	0.07766709906619548	1.0	ref	1.9597771156975128	7.928450292588351e-05	0.07766709906619548
chr3	130111649	130111650	1.0	rs10934907	63	T	C	1	2.129224775600999	-1.9669814343966348	6.420651608518643e-05	0.9999153925570614	0.07766709906619548	1.0	ref	2.129224775600999	6.420651608518643e-05	0.07766709906619548
chr4	182809162	182809163	1.0	rs28662983	63	C	A	1	2.507198829960999	-2.4713325343090196	1.0063572660184624e-05	0.9999972188636862	0.024645689444792142	1.0	ref	2.507198829960999	1.0063572660184624e-05	0.024645689444792142
chr7	158740310	158740311	1.0	rs35308598	43	A	G	1	2.2634314687020938	-2.4840807817237884	0.00010009162406829231	0.9999544285622557	0.08170812911441595	1.0	ref	2.2634314687020938	0.00010009162406829231	0.08170812911441595
