#chr	start	end	mean_bad	id	max_cover	ref	alt	n_reps	ref_comb_es	alt_comb_es	ref_comb_pval	alt_comb_pval	ref_fdr_comb_pval	alt_fdr_comb_pval	pref_allele	comb_es	comb_pval	fdr_comb_pval
chr12	29306798	29306799	1.0	rs7954871	53	G	A	1	2.7025166821762547	-3.139577294839247	4.951346590135011e-06	1.0	0.025994569598208807	1.0	ref	2.7025166821762547	4.951346590135011e-06	0.025994569598208807
chr14	38361869	38361870	1.0	rs12587095	60	G	A	1	-2.62162016915174	2.5866810526140593	0.9999990658547253	4.588198092044093e-06	1.0	0.01718394451199749	alt	2.5866810526140593	4.588198092044093e-06	0.01718394451199749
chr5	54517632	54517633	1.0	rs62356890	34	G	C	4	-1.2256298597628408	1.4749452526365707	0.9944665893010898	6.5462645759990434e-06	1.0	0.01718394451199749	alt	1.4749452526365707	6.5462645759990434e-06	0.01718394451199749
chr7	123372606	123372607	1.0	rs3213708	48	A	C	1	-2.7181146192000014	2.4723288854931	0.9999963022433547	1.653610070334598e-05	1.0	0.028938176230855463	alt	2.4723288854931	1.653610070334598e-05	0.028938176230855463
