#chr	start	end	mean_bad	id	max_cover	ref	alt	n_reps	ref_comb_es	alt_comb_es	ref_comb_pval	alt_comb_pval	ref_fdr_comb_pval	alt_fdr_comb_pval	pref_allele	comb_es	comb_pval	fdr_comb_pval	417
11	62841380	62841381	1.0	rs75212707	38	G	A	3	1.5531456809831379	-0.29357419867494006	5.4263630108062744e-05	0.6627664412912687	0.07081403729102188	0.8907404699908608	ref	1.5531456809831379	5.4263630108062744e-05	0.07081403729102188	417
11	62841412	62841413	1.0	rs75530847	57	A	G	4	1.5556021348302558	-0.6045365672995356	1.7513865978354005e-06	0.999990838776554	0.006856678530525592	1.0	ref	1.5556021348302558	1.7513865978354005e-06	0.006856678530525592	417
16	14975050	14975051	1.0	rs28418438	46	C	G	3	1.6782765008945457	-1.3555459038708086	7.83649701431373e-06	0.9999180853873187	0.015339942905519125	1.0	ref	1.6782765008945457	7.83649701431373e-06	0.015339942905519125	417
6	20401677	20401678	1.0	rs749215	151	A	G	5	-0.5118047232110198	1.1625084774562804	0.9999105361412287	6.0445928102153315e-06	1.0	0.02366458085199302	alt	1.1625084774562804	6.0445928102153315e-06	0.02366458085199302	417
