#chr	start	end	mean_bad	id	max_cover	ref	alt	n_reps	ref_comb_es	alt_comb_es	ref_comb_pval	alt_comb_pval	ref_fdr_comb_pval	alt_fdr_comb_pval	pref_allele	comb_es	comb_pval	fdr_comb_pval	884
chr1	111449396	111449397	1.0	rs2298187	31	T	A	1	1.547123873203582	-1.6030592313537455	0.0010384353038624464	0.9945347527082818	0.06645985944719657	0.9945347527082818	ref	1.547123873203582	0.0010384353038624464	0.06645985944719657	884
