#chr	start	end	mean_bad	id	max_cover	ref	alt	n_reps	ref_comb_es	alt_comb_es	ref_comb_pval	alt_comb_pval	ref_fdr_comb_pval	alt_fdr_comb_pval	pref_allele	comb_es	comb_pval	fdr_comb_pval
chr10	122495084	122495085	1.0	rs112561565	72	C	T	2	1.871494406444023	-1.069683709596369	1.3407096357987736e-05	0.999980692345072	0.045409835364504464	1.0	ref	1.871494406444023	1.3407096357987736e-05	0.045409835364504464
chr16	14975050	14975051	1.0	rs28418438	70	C	G	2	2.5586633509170236	-2.4744171193542486	2.8432117918886223e-08	0.9999999937518	0.00019259916678253527	1.0	ref	2.5586633509170236	2.8432117918886223e-08	0.00019259916678253527
