#chr	start	end	mean_bad	id	max_cover	ref	alt	n_reps	ref_comb_es	alt_comb_es	ref_comb_pval	alt_comb_pval	ref_fdr_comb_pval	alt_fdr_comb_pval	pref_allele	comb_es	comb_pval	fdr_comb_pval
chr1	247937164	247937165	1.0	rs6667031	51	A	C	4	1.5883350085876664	-1.080708110265984	4.474920060830629e-07	0.9999948062893659	0.0009142261684276974	1.0	ref	1.5883350085876664	4.474920060830629e-07	0.0009142261684276974
chr3	198072066	198072067	1.0	rs4030335	38	A	G	4	0.22163549537286165	1.5898836685331235	0.9998261666948122	1.6002985944792928e-05	1.0	0.03269410028521195	alt	1.5898836685331235	1.6002985944792928e-05	0.03269410028521195
