#chr	start	end	mean_bad	id	max_cover	ref	alt	n_reps	ref_comb_es	alt_comb_es	ref_comb_pval	alt_comb_pval	ref_fdr_comb_pval	alt_fdr_comb_pval	pref_allele	comb_es	comb_pval	fdr_comb_pval
chr16	72990376	72990377	1.0	rs1858800	68	C	T	1	-2.464732629602375	2.5481949993273125	0.9999993638598033	2.9763234352916358e-06	1.0	0.031721655173338255	alt	2.5481949993273125	2.9763234352916358e-06	0.031721655173338255
chr19	55071332	55071333	1.0	rs78105122	132	G	C	1	-2.1976806038225654	2.4085336820746006	0.9999999994020872	1.6758883734394482e-07	1.0	0.0035723236568235275	alt	2.4085336820746006	1.6758883734394482e-07	0.0035723236568235275
