#chr	start	end	mean_bad	id	max_cover	ref	alt	n_reps	ref_comb_es	alt_comb_es	ref_comb_pval	alt_comb_pval	ref_fdr_comb_pval	alt_fdr_comb_pval	pref_allele	comb_es	comb_pval	fdr_comb_pval
chr1	16904866	16904867	1.0	rs11203380	38	C	T	2	1.8386165626594344	-1.8139970843411488	2.462993747035474e-05	0.999945995530627	0.029845700721075834	1.0	ref	1.8386165626594344	2.462993747035474e-05	0.029845700721075834
chr1	192808676	192808677	1.0	rs2746072	54	G	C	3	-1.1423230158557285	1.4429963401456576	0.9997044082449009	2.0660307909297457e-05	1.0	0.051981334699792395	alt	1.4429963401456576	2.0660307909297457e-05	0.051981334699792395
chr1	248874410	248874411	1.0	rs6659450	30	C	T	2	1.625482046087984	-1.6413707734049003	0.0001145202682701663	0.993091819760823	0.0720332487419346	1.0	ref	1.625482046087984	0.0001145202682701663	0.0720332487419346
chr7	121438584	121438585	1.0	rs12706345	44	T	C	3	1.4712854425925372	-1.3340673793216284	2.207116772141092e-05	0.9997444643131296	0.029845700721075834	1.0	ref	1.4712854425925372	2.207116772141092e-05	0.029845700721075834
chr8	77000371	77000372	1.0	rs12156404	63	A	T	3	1.3238830314346481	-0.8897126968282247	3.558708353069455e-05	0.9992917322319069	0.029845700721075834	1.0	ref	1.3238830314346481	3.558708353069455e-05	0.029845700721075834
chr8	102239030	102239031	1.0	rs28927991	51	C	T	3	-1.129242653254743	1.3473530805554441	0.9992065082567054	4.486325612155599e-05	1.0	0.056437976200917436	alt	1.3473530805554441	4.486325612155599e-05	0.056437976200917436
