#chr	start	end	mean_bad	id	max_cover	ref	alt	n_reps	ref_comb_es	alt_comb_es	ref_comb_pval	alt_comb_pval	ref_fdr_comb_pval	alt_fdr_comb_pval	pref_allele	comb_es	comb_pval	fdr_comb_pval
chr11	17276729	17276730	1.0	rs4757506	44	A	G	1	2.301905616516729	-2.5273449484226775	7.948613568657877e-05	0.9999698453457212	0.041221509967059755	1.0	ref	2.301905616516729	7.948613568657877e-05	0.041221509967059755
chr12	121601163	121601164	1.0	rs148421209	39	C	T	1	2.2050170227054378	-2.61939927418709	0.00011773879384243649	1.0	0.04361381320477683	1.0	ref	2.2050170227054378	0.00011773879384243649	0.04361381320477683
chr14	54818869	54818870	1.0	rs7144602	52	T	G	1	2.5775400591301567	-2.8130592299479282	1.3982878933268073e-05	0.9999984965678755	0.03007507268412727	1.0	ref	2.5775400591301567	1.3982878933268073e-05	0.03007507268412727
chr14	75002851	75002852	1.0	rs175040	52	A	G	1	2.312927975190582	-2.333105988347538	5.5859459037930424e-05	0.9999649338329509	0.0362108943213384	1.0	ref	2.312927975190582	5.5859459037930424e-05	0.0362108943213384
chr16	83953631	83953632	1.0	rs4782572	63	C	A	1	2.2536000678445767	-2.1219798711249167	3.416610440784697e-05	0.9999703345470772	0.03007507268412727	1.0	ref	2.2536000678445767	3.416610440784697e-05	0.03007507268412727
chr20	49046285	49046286	1.0	rs2252259	43	T	G	1	2.2634314687020938	-2.4840807817237884	0.00010009162406829231	0.9999544285622557	0.04325626353484699	1.0	ref	2.2634314687020938	0.00010009162406829231	0.04325626353484699
chr7	6729667	6729668	1.0	rs11971358	78	T	C	1	2.055992430956816	-1.846401245654735	3.4795687640718016e-05	0.9999556959000309	0.03007507268412727	1.0	ref	2.055992430956816	3.4795687640718016e-05	0.03007507268412727
