#chr	start	end	mean_bad	id	max_cover	ref	alt	n_reps	ref_comb_es	alt_comb_es	ref_comb_pval	alt_comb_pval	ref_fdr_comb_pval	alt_fdr_comb_pval	pref_allele	comb_es	comb_pval	fdr_comb_pval
chr1	244970359	244970360	1.0	rs61844237	46	G	C	4	1.279558980621971	-0.9054721130521783	3.768676994803937e-05	0.9996461129861061	0.05223386314798257	1.0	ref	1.279558980621971	3.768676994803937e-05	0.05223386314798257
chr16	14975050	14975051	1.0	rs28418438	45	C	G	3	1.9707198353974444	-1.4442959704315868	3.0759240591489766e-07	0.9999995216528128	0.0008526461491960963	1.0	ref	1.9707198353974444	3.0759240591489766e-07	0.0008526461491960963
chr22	30667844	30667845	1.0	rs11912792	36	G	A	3	1.641806565649783	-0.8945325420714735	1.9660735078959268e-05	0.9999600697075433	0.03633303842591673	1.0	ref	1.641806565649783	1.9660735078959268e-05	0.03633303842591673
chr9	35658022	35658023	1.0	rs7024732	36	C	T	2	1.7388275066226557	-1.7782617971814743	5.5177353729561644e-05	0.999884283819423	0.061180649815337954	1.0	ref	1.7388275066226557	5.5177353729561644e-05	0.061180649815337954
