#chr	start	end	mean_bad	id	max_cover	ref	alt	n_reps	ref_comb_es	alt_comb_es	ref_comb_pval	alt_comb_pval	ref_fdr_comb_pval	alt_fdr_comb_pval	pref_allele	comb_es	comb_pval	fdr_comb_pval
chr15	84631368	84631369	1.0	rs4842977	41	G	T	1	2.287479182897411	-2.705391118110978	7.200395598965931e-05	1.0	0.0600891223670121	1.0	ref	2.287479182897411	7.200395598965931e-05	0.0600891223670121
chr15	90954896	90954897	1.0	rs867468	38	G	A	1	2.161948300813552	-2.574780126649601	0.00015139361519997722	1.0	0.08886805212238662	1.0	ref	2.161948300813552	0.00015139361519997722	0.08886805212238662
chr18	54269476	54269477	1.0	rs3730668	39	G	T	2	1.6959375930728886	-1.539060053284691	7.311891259066939e-05	0.9997332031919556	0.0600891223670121	1.0	ref	1.6959375930728886	7.311891259066939e-05	0.0600891223670121
chr2	55232236	55232237	1.0	rs17046778	52	T	G	2	-0.4724999110464033	2.2780799867452686	0.9999926008654498	1.4792962005596277e-05	1.0	0.030609763054285952	alt	2.2780799867452686	1.4792962005596277e-05	0.030609763054285952
chr2	206765368	206765369	1.0	rs16838839	76	C	A	2	-1.2821875143370485	1.64615609267402	0.9999403625232183	1.4898886860202459e-05	1.0	0.030609763054285952	alt	1.64615609267402	1.4898886860202459e-05	0.030609763054285952
chr3	125915923	125915924	1.0	rs7632305	53	C	T	2	1.6965922299378726	-1.2623936273278542	4.869764819787109e-05	0.9997783554481878	0.0600891223670121	1.0	ref	1.6965922299378726	4.869764819787109e-05	0.0600891223670121
chr5	109689432	109689433	1.0	rs555615570	98	C	A	2	1.4131635789552037	-0.9545269725276663	2.8506393451780387e-05	0.9998971523803599	0.058566385346682806	1.0	ref	1.4131635789552037	2.8506393451780387e-05	0.058566385346682806
chr5	141849450	141849451	1.0	rs186952573	38	G	A	1	2.161948300813552	-2.574780126649601	0.00015139361519997722	1.0	0.08886805212238662	1.0	ref	2.161948300813552	0.00015139361519997722	0.08886805212238662
chr8	51899111	51899112	1.0	rs373309339	65	G	A	2	1.696698240424579	-1.0584626417978584	2.2524723298904826e-05	0.9998939313184799	0.058566385346682806	1.0	ref	1.696698240424579	2.2524723298904826e-05	0.058566385346682806
