#chr	start	end	mean_bad	id	max_cover	ref	alt	n_reps	ref_comb_es	alt_comb_es	ref_comb_pval	alt_comb_pval	ref_fdr_comb_pval	alt_fdr_comb_pval	pref_allele	comb_es	comb_pval	fdr_comb_pval
chr20	62376485	62376486	1.0	rs2427303	51	G	A	2	-1.3506894326286432	1.8417438198429221	0.9999549734495016	1.1890858126896334e-05	1.0	0.0525457020627549	alt	1.8417438198429221	1.1890858126896334e-05	0.0525457020627549
chr8	127854259	127854260	1.5	rs73710038	102	G	A	2	-1.2982931783755784	2.0476824347924776	0.9996714817079303	2.6702795817940612e-05	1.0	0.058999827359739784	alt	2.0476824347924776	2.6702795817940612e-05	0.058999827359739784
