#chr	start	end	mean_bad	id	max_cover	ref	alt	n_reps	ref_comb_es	alt_comb_es	ref_comb_pval	alt_comb_pval	ref_fdr_comb_pval	alt_fdr_comb_pval	pref_allele	comb_es	comb_pval	fdr_comb_pval
chr1	145281253	145281254	1.0	rs146854910	42	A	G	1	2.3270075470840488	-2.7471151875575823	5.661071656478485e-05	1.0	0.02115353775637461	1.0	ref	2.3270075470840488	5.661071656478485e-05	0.02115353775637461
chr1	145281257	145281258	1.0	rs139574770	42	A	G	1	2.3270075470840488	-2.7471151875575823	5.661071656478485e-05	1.0	0.02115353775637461	1.0	ref	2.3270075470840488	5.661071656478485e-05	0.02115353775637461
chr1	145281261	145281262	1.0	rs144302261	42	A	G	1	2.3270075470840488	-2.7471151875575823	5.661071656478485e-05	1.0	0.02115353775637461	1.0	ref	2.3270075470840488	5.661071656478485e-05	0.02115353775637461
