#chr	start	end	mean_bad	id	max_cover	ref	alt	n_reps	ref_comb_es	alt_comb_es	ref_comb_pval	alt_comb_pval	ref_fdr_comb_pval	alt_fdr_comb_pval	pref_allele	comb_es	comb_pval	fdr_comb_pval
chr4	3955676	3955677	1.0	rs12186308	43	T	C	2	1.9441971994253042	-1.925226207614432	1.2657832927191116e-05	0.9999874653301861	0.05478310090888315	1.0	ref	1.9441971994253042	1.2657832927191116e-05	0.05478310090888315
