#chr	start	end	mean_bad	id	max_cover	ref	alt	n_reps	ref_comb_es	alt_comb_es	ref_comb_pval	alt_comb_pval	ref_fdr_comb_pval	alt_fdr_comb_pval	pref_allele	comb_es	comb_pval	fdr_comb_pval
chr1	182171049	182171050	1.0	rs17447211	50	C	G	1	-2.5311506360172653	2.4104279607767896	0.9999903906544426	2.2568479646029134e-05	1.0	0.08621735240367699	alt	2.4104279607767896	2.2568479646029134e-05	0.08621735240367699
chr11	970404	970405	1.0	rs7394427	58	G	A	1	-2.363480197239176	2.4024381388057003	0.9999924412560588	1.45496198951383e-05	1.0	0.08621735240367699	alt	2.4024381388057003	1.45496198951383e-05	0.08621735240367699
chr13	33251503	33251504	1.0	rs2555595	84	T	C	1	-1.8042271191365762	2.0354185767531625	0.9999795817277574	2.6956962710894314e-05	1.0	0.08621735240367699	alt	2.0354185767531625	2.6956962710894314e-05	0.08621735240367699
