#chr	start	end	mean_bad	id	max_cover	ref	alt	n_reps	ref_comb_es	alt_comb_es	ref_comb_pval	alt_comb_pval	ref_fdr_comb_pval	alt_fdr_comb_pval	pref_allele	comb_es	comb_pval	fdr_comb_pval
chr3	184345855	184345856	1.5	rs111875352	90	G	A	1	-0.4875983013680081	1.5590632267859945	0.8905192086155288	7.540399701757486e-05	0.9637022418317728	0.07515265036084962	alt	1.5590632267859945	7.540399701757486e-05	0.07515265036084962
chr7	2390595	2390596	1.0	rs6942749	65	A	G	1	-1.4071069411892667	1.6629673464023358	0.9994048811920156	4.2323653603057013e-05	1.0	0.06327386213657024	alt	1.6629673464023358	4.2323653603057013e-05	0.06327386213657024
chr7	47812313	47812314	1.0	rs2123608	49	G	A	1	-2.051051937349844	2.1164371540392017	0.9999454829609387	2.627754833260199e-06	1.0	0.007856986951447995	alt	2.1164371540392017	2.627754833260199e-06	0.007856986951447995
