#chr	start	end	mean_bad	id	max_cover	ref	alt	n_reps	ref_comb_es	alt_comb_es	ref_comb_pval	alt_comb_pval	ref_fdr_comb_pval	alt_fdr_comb_pval	pref_allele	comb_es	comb_pval	fdr_comb_pval	4506
chr11	6234753	6234754	1.0	rs12274456	137	C	T	1	-0.875300422208821	1.0723648209927328	0.9988556243554765	8.455521302096325e-05	1.0	0.03261012715508483	alt	1.0723648209927328	8.455521302096325e-05	0.03261012715508483	4506
chr11	15688437	15688438	1.0	rs11023685	47	A	G	1	1.7318496359027473	-1.5556331355141015	0.00012806844238839242	0.9984877092395166	0.0987834585622467	1.0	ref	1.7318496359027473	0.00012806844238839242	0.0987834585622467	4506
chr11	20981033	20981034	1.0	rs7120543	56	A	C	1	-1.9384236700636528	2.0928688473512214	0.9999616838816593	1.7172619538529527e-06	1.0	0.001986872080607866	alt	2.0928688473512214	1.7172619538529527e-06	0.001986872080607866	4506
chr11	41522683	41522684	1.0	rs7932428	40	C	G	1	1.8615098259285272	-1.8382545598460212	6.154661210603332e-05	0.9992277472243425	0.0987834585622467	1.0	ref	1.8615098259285272	6.154661210603332e-05	0.0987834585622467	4506
chr11	112523742	112523743	1.0	rs11603577	34	C	T	1	-2.4166845970409523	2.0176211554006467	1.0	9.886519798312457e-06	1.0	0.005719351703323756	alt	2.0176211554006467	9.886519798312457e-06	0.005719351703323756	4506
chr3	28348549	28348550	1.0	rs1870258	42	G	A	1	-2.2147190393929717	2.119432109888563	0.9999359154477112	3.5959814546469657e-06	1.0	0.002773700362017693	alt	2.119432109888563	3.5959814546469657e-06	0.002773700362017693	4506
chr7	124022692	124022693	1.0	rs11771387	93	C	A	1	-0.9943798408887252	1.235570150066751	0.9976490213338942	0.00020050042227561692	1.0	0.05799474714322219	alt	1.235570150066751	0.00020050042227561692	0.05799474714322219	4506
chr7	139683860	139683861	1.0	rs9801309	64	C	T	1	1.5837468660010958	-1.332025434086603	8.977548028082124e-05	0.9987676279510912	0.0987834585622467	1.0	ref	1.5837468660010958	8.977548028082124e-05	0.0987834585622467	4506
chr7	158741099	158741100	1.0	rs34175774	45	G	C	1	-1.8954967020154374	1.9644340605941513	0.9997492006261023	1.7714471217634753e-05	1.0	0.008198257279521363	alt	1.9644340605941513	1.7714471217634753e-05	0.008198257279521363	4506
chr7	158741110	158741111	1.0	rs34002332	40	A	G	1	-1.6709734743158071	1.748705369538714	0.9984213411778007	0.00017518062262659073	1.0	0.05790970867970442	alt	1.748705369538714	0.00017518062262659073	0.05790970867970442	4506
