#chr	start	end	mean_bad	id	max_cover	ref	alt	n_reps	ref_comb_es	alt_comb_es	ref_comb_pval	alt_comb_pval	ref_fdr_comb_pval	alt_fdr_comb_pval	pref_allele	comb_es	comb_pval	fdr_comb_pval	4509
chr11	88555182	88555183	2.0	rs12283602	74	G	T	1	1.7988821171975262	-1.5374733562296936	0.00011820152938190581	0.9996427049917039	0.06813136153573052	1.0	ref	1.7988821171975262	0.00011820152938190581	0.06813136153573052	4509
chr11	88555246	88555247	2.0	rs12282855	101	A	C	1	1.643446561406967	-1.389123711727466	4.3145088553044076e-05	0.9998633969832417	0.04144804840329101	1.0	ref	1.643446561406967	4.3145088553044076e-05	0.04144804840329101	4509
chr16	46390789	46390790	2.0	rs4249114	151	C	G	1	-1.398442109861901	1.6376956935882303	0.9999969926232118	1.0065691666483516e-06	1.0	0.0029009323382805496	alt	1.6376956935882303	1.0065691666483516e-06	0.0029009323382805496	4509
chr2	66869320	66869321	1.0	rs1111235	30	A	T	1	1.7830302922030121	-2.1479940586176993	0.0001129294504424952	1.0	0.06813136153573052	1.0	ref	1.7830302922030121	0.0001129294504424952	0.06813136153573052	4509
chr20	12729516	12729517	1.0	rs1333383	45	A	C	1	2.210088885926011	-2.292882537341758	1.0708838808933141e-06	0.9999704033969433	0.0030862873447345313	1.0	ref	2.210088885926011	1.0708838808933141e-06	0.0030862873447345313	4509
chr3	30855587	30855588	1.0	rs62233361	31	T	C	1	-2.2532703094538085	1.8600798784141674	1.0	5.137478722234288e-05	1.0	0.07403106838739609	alt	1.8600798784141674	5.137478722234288e-05	0.07403106838739609	4509
chr3	180912402	180912403	1.0	rs34455584	35	A	G	1	1.91857090363213	-2.106096302861724	3.4748888259418825e-05	0.9996838164129277	0.04144804840329101	1.0	ref	1.91857090363213	3.4748888259418825e-05	0.04144804840329101	4509
