#chr	start	end	mean_bad	id	max_cover	ref	alt	n_reps	ref_comb_es	alt_comb_es	ref_comb_pval	alt_comb_pval	ref_fdr_comb_pval	alt_fdr_comb_pval	pref_allele	comb_es	comb_pval	fdr_comb_pval	591
chr1	76998888	76998889	1.0	rs1933397	40	C	T	6	-0.67753791178932	0.8232482525626604	0.9955262609907612	0.0006294474873338589	1.0	0.0740230245104618	alt	0.8232482525626604	0.0006294474873338589	0.0740230245104618	591
chr1	76998986	76998987	1.0	rs1933398	38	G	C	6	-0.6445213866192698	1.2130576247442617	0.999733134341057	1.0345347350269782e-05	1.0	0.005925831845678917	alt	1.2130576247442617	1.0345347350269782e-05	0.005925831845678917	591
chr19	19776482	19776483	1.0	rs16996320	108	C	T	6	-0.3454243941153369	1.0685314314650394	0.9971905436982544	4.1231127527994714e-05	1.0	0.008081300995486965	alt	1.0685314314650394	4.1231127527994714e-05	0.008081300995486965	591
chr7	55048270	55048271	3.0	rs12531163	52	A	G	3	-1.3202723453344776	1.5442461032049137	1.0	0.00044702249877340327	1.0	0.06571230731969029	alt	1.5442461032049137	0.00044702249877340327	0.06571230731969029	591
chr7	55053797	55053798	3.0	rs73414795	152	C	T	4	-0.8396733196858495	1.59619319108052	0.9988914460764621	2.0155890631560942e-05	1.0	0.005925831845678917	alt	1.59619319108052	2.0155890631560942e-05	0.005925831845678917	591
