#chr	start	end	mean_bad	id	max_cover	ref	alt	n_reps	ref_comb_es	alt_comb_es	ref_comb_pval	alt_comb_pval	ref_fdr_comb_pval	alt_fdr_comb_pval	pref_allele	comb_es	comb_pval	fdr_comb_pval
chr15	41490436	41490437	1.0	rs56378618	54	T	C	2	1.854227576611209	-1.203262992246637	1.8415209066514903e-05	0.9999370409552397	0.08023506590280542	1.0	ref	1.854227576611209	1.8415209066514903e-05	0.08023506590280542
chr2	61471027	61471028	1.0	rs74181273	54	C	T	2	-1.5980000672911483	1.8482059882641604	0.9999594057720678	1.3148616137265435e-05	1.0	0.019096173503355164	alt	1.8482059882641604	1.3148616137265435e-05	0.019096173503355164
chr2	86703842	86703843	1.0	rs12477737	39	G	T	2	1.7533994033168523	-1.3564785791619325	5.7526736390384066e-05	0.9998336611354423	0.09847695015228478	1.0	ref	1.7533994033168523	5.7526736390384066e-05	0.09847695015228478
chr2	112055488	112055489	1.0	rs10176660	49	G	C	2	-1.070458305780976	1.6275557420205238	0.9994982194040032	8.810754356084945e-05	1.0	0.0767769134589242	alt	1.6275557420205238	8.810754356084945e-05	0.0767769134589242
chr21	32516958	32516959	1.0	rs9979270	48	G	A	1	-3.0165774631875073	2.5670639671781355	1.0	6.996046108250855e-06	1.0	0.015240886446824487	alt	2.5670639671781355	6.996046108250855e-06	0.015240886446824487
chr3	105366553	105366554	1.0	rs9866561	41	C	G	2	-1.8037604412786155	1.7295910513726018	0.9999214393369215	3.67610300288503e-05	1.0	0.04004195195892519	alt	1.7295910513726018	3.67610300288503e-05	0.04004195195892519
chr3	121835056	121835057	1.0	rs114555283	164	A	G	2	-1.0678237217830957	1.4540286690524846	0.9999995874345191	1.501856858400853e-06	1.0	0.006543590332052517	alt	1.4540286690524846	1.501856858400853e-06	0.006543590332052517
chr7	107180570	107180571	1.0	rs12670688	38	G	A	2	1.7248292682652169	-1.3537407447861436	6.780602489255321e-05	0.9998587250142936	0.09847695015228478	1.0	ref	1.7248292682652169	6.780602489255321e-05	0.09847695015228478
