#chr	start	end	mean_bad	id	max_cover	ref	alt	n_reps	ref_comb_es	alt_comb_es	ref_comb_pval	alt_comb_pval	ref_fdr_comb_pval	alt_fdr_comb_pval	pref_allele	comb_es	comb_pval	fdr_comb_pval
chr13	54029343	54029344	1.0	rs9527156	69	C	T	1	2.2896894477942453	-2.1369268067518306	1.7662879453314377e-05	0.9999865797660272	0.017283127545068114	1.0	ref	2.2896894477942453	1.7662879453314377e-05	0.017283127545068114
chr13	66138599	66138600	1.0	rs4884651	55	G	A	1	2.539666037035575	-2.654150467669005	1.5476803694590817e-05	0.9999970845084829	0.017283127545068114	1.0	ref	2.539666037035575	1.5476803694590817e-05	0.017283127545068114
