#chr	start	end	mean_bad	id	max_cover	ref	alt	n_reps	ref_comb_es	alt_comb_es	ref_comb_pval	alt_comb_pval	ref_fdr_comb_pval	alt_fdr_comb_pval	pref_allele	comb_es	comb_pval	fdr_comb_pval	2337
11	35122608	35122609	1.0	rs77082261	58	G	A	1	2.367021171912739	-2.3228432796226235	2.8775141031473532e-05	0.9999845542786416	0.07292185505974551	1.0	ref	2.367021171912739	2.8775141031473532e-05	0.07292185505974551	2337
11	128302574	128302575	1.0	rs61907718	58	G	A	1	2.236735256029661	-2.139577294839247	5.370786599870779e-05	0.9999494231282924	0.07292185505974551	1.0	ref	2.236735256029661	5.370786599870779e-05	0.07292185505974551	2337
2	106314631	106314632	1.0	rs11124104	63	A	T	1	2.2536000678445767	-2.1219798711249167	3.416610440784697e-05	0.9999703345470772	0.07292185505974551	1.0	ref	2.2536000678445767	3.416610440784697e-05	0.07292185505974551	2337
5	50635036	50635037	1.0	rs72753741	56	C	T	1	2.175334711365518	-2.076093635781722	8.372383591068977e-05	0.9999067972208467	0.07578402547182603	1.0	ref	2.175334711365518	8.372383591068977e-05	0.07578402547182603	2337
6	139292083	139292084	1.0	rs41289823	44	G	A	1	2.301905616516729	-2.5273449484226775	7.948613568657877e-05	0.9999698453457212	0.07578402547182603	1.0	ref	2.301905616516729	7.948613568657877e-05	0.07578402547182603	2337
7	142346092	142346093	1.5	rs1811089	135	G	A	1	2.432795441551927	-2.1703602910240747	4.465814028940596e-05	0.9989557265037187	0.07292185505974551	1.0	ref	2.432795441551927	4.465814028940596e-05	0.07292185505974551	2337
