#chr	start	end	mean_bad	id	max_cover	ref	alt	n_reps	ref_comb_es	alt_comb_es	ref_comb_pval	alt_comb_pval	ref_fdr_comb_pval	alt_fdr_comb_pval	pref_allele	comb_es	comb_pval	fdr_comb_pval
chr1	1659113	1659114	1.0	rs7534581	61	A	G	1	2.32419809728	-2.2300158402304286	2.7943657825681402e-05	0.9999816741006988	0.054420273615514526	1.0	ref	2.32419809728	2.7943657825681402e-05	0.054420273615514526
chr15	45402317	45402318	1.0	rs1346266	55	G	T	1	-3.2428996537517336	2.784655402250762	1.0	1.4161792116805223e-06	1.0	0.005516018029495634	alt	2.784655402250762	1.4161792116805223e-06	0.005516018029495634
chr16	14975050	14975051	1.0	rs28418438	80	C	G	1	2.208938611858774	-2.0128710931564378	1.1893934655720068e-05	0.9999924567594858	0.04632687548402966	1.0	ref	2.208938611858774	1.1893934655720068e-05	0.04632687548402966
chr5	149357845	149357846	1.0	rs58729522	48	G	C	1	-3.0165774631875073	2.5670639671781355	1.0	6.996046108250855e-06	1.0	0.01362479979581854	alt	2.5670639671781355	6.996046108250855e-06	0.01362479979581854
