#chr	start	end	mean_bad	id	max_cover	ref	alt	n_reps	ref_comb_es	alt_comb_es	ref_comb_pval	alt_comb_pval	ref_fdr_comb_pval	alt_fdr_comb_pval	pref_allele	comb_es	comb_pval	fdr_comb_pval
chr1	1919474	1919475	1.0	rs28544952	63	A	G	2	1.8670066725919132	-0.6208868688250085	1.619953730588031e-05	0.9999063007370277	0.008996143050532198	1.0	ref	1.8670066725919132	1.619953730588031e-05	0.008996143050532198
chr11	120908810	120908811	1.0	rs949055	59	C	T	2	1.578013932607513	-0.8177664658951032	7.025072256480337e-05	0.999590897063046	0.029259425948240606	1.0	ref	1.578013932607513	7.025072256480337e-05	0.029259425948240606
chr3	125916029	125916030	1.0	rs7644184	103	T	C	1	1.6915881363537304	-1.4603767483204013	3.1420951622717524e-07	0.999986443027059	0.0005234730540344739	1.0	ref	1.6915881363537304	3.1420951622717524e-07	0.0005234730540344739
chr3	125916037	125916038	1.0	rs7632557	122	G	C	1	1.4208695343981521	-1.221449228959246	1.7690843787950965e-06	0.9999524981331954	0.0014736472875363155	1.0	ref	1.4208695343981521	1.7690843787950965e-06	0.0014736472875363155
chr7	36152996	36152997	1.0	rs12533197	171	T	G	2	0.8732745889818948	-0.3580780186800778	0.00013648781426501907	0.9970663342713958	0.04547773971310435	1.0	ref	0.8732745889818948	0.00013648781426501907	0.04547773971310435
