#chr	start	end	mean_bad	id	max_cover	ref	alt	n_reps	ref_comb_es	alt_comb_es	ref_comb_pval	alt_comb_pval	ref_fdr_comb_pval	alt_fdr_comb_pval	pref_allele	comb_es	comb_pval	fdr_comb_pval	1101
2	15723517	15723518	1.5	rs375647409	108	T	G	2	-1.697462285371229	2.1376929888038125	0.9999994530812235	7.284719753036818e-07	1.0	0.001742504964926407	alt	2.1376929888038125	7.284719753036818e-07	0.001742504964926407	1101
2	162967413	162967414	1.0	rs17402926	66	A	G	2	1.7688129891470428	-1.2142002598322987	1.2802404507971026e-05	0.9999436245071354	0.030623351583066696	1.0	ref	1.7688129891470428	1.2802404507971026e-05	0.030623351583066696	1101
