#chr	start	end	mean_bad	id	max_cover	ref	alt	n_reps	ref_comb_es	alt_comb_es	ref_comb_pval	alt_comb_pval	ref_fdr_comb_pval	alt_fdr_comb_pval	pref_allele	comb_es	comb_pval	fdr_comb_pval
chr2	95334107	95334108	1.0	rs2113417	36	G	A	2	-2.33873037735555	1.9351364176532309	1.0	6.904919901958934e-06	1.0	0.018373991859112725	alt	1.9351364176532309	6.904919901958934e-06	0.018373991859112725
chr3	130111581	130111582	1.0	rs72990317	51	A	G	2	1.484866793164175	-1.1425163467925745	0.00018147000475037987	0.9985205689913315	0.08177816879920262	1.0	ref	1.484866793164175	0.00018147000475037987	0.08177816879920262
chr3	130111649	130111650	1.0	rs10934907	55	T	C	2	2.1535446147080197	-1.9090789415318552	1.0488181845813216e-06	0.9999987140639347	0.002790905189170897	1.0	ref	2.1535446147080197	1.0488181845813216e-06	0.002790905189170897
chr6	57961542	57961543	1.0	rs9404620	50	A	G	2	1.8544097920219191	-1.3998150091971915	1.61012714726488e-05	0.9999465687067987	0.014281827796239488	1.0	ref	1.8544097920219191	1.61012714726488e-05	0.014281827796239488
chr7	121466674	121466675	1.0	rs12671788	54	G	C	2	1.6177549001881304	-1.4347439878510193	5.840555503167762e-05	0.9996188929478534	0.03885429548482354	1.0	ref	1.6177549001881304	5.840555503167762e-05	0.03885429548482354
chr9	88076213	88076214	1.0	rs75304961	33	G	T	2	1.5727269861788402	-1.5477716074565948	0.00018439271431612767	0.9996278852510921	0.08177816879920262	1.0	ref	1.5727269861788402	0.00018439271431612767	0.08177816879920262
chr9	88076280	88076281	1.0	rs944632	41	G	C	2	2.060295793626489	-2.153726490659305	4.814586556393021e-06	0.9999970580750182	0.006405807413280915	1.0	ref	2.060295793626489	4.814586556393021e-06	0.006405807413280915
