#chr	start	end	mean_bad	id	max_cover	ref	alt	n_reps	ref_comb_es	alt_comb_es	ref_comb_pval	alt_comb_pval	ref_fdr_comb_pval	alt_fdr_comb_pval	pref_allele	comb_es	comb_pval	fdr_comb_pval
chr11	22153115	22153116	1.0	rs78739097	58	G	T	1	-2.181869424249338	2.2751765049208967	0.999974184273811	2.8908193601865105e-05	1.0	0.08654149557945018	alt	2.2751765049208967	2.8908193601865105e-05	0.08654149557945018
chr21	41478013	41478014	1.0	rs558824762	54	C	T	1	-2.9188350184155443	2.664973963435495	0.9999996684478474	4.232592575579719e-06	1.0	0.03801291392128146	alt	2.664973963435495	4.232592575579719e-06	0.03801291392128146
chr3	13195825	13195826	1.0	rs11927053	44	T	C	1	-2.8730425438244622	2.4262014313382863	1.0	1.8617603141306835e-05	1.0	0.08360234690603835	alt	2.4262014313382863	1.8617603141306835e-05	0.08360234690603835
