#chr	start	end	mean_bad	id	max_cover	ref	alt	n_reps	ref_comb_es	alt_comb_es	ref_comb_pval	alt_comb_pval	ref_fdr_comb_pval	alt_fdr_comb_pval	pref_allele	comb_es	comb_pval	fdr_comb_pval	3748
chr1	160098965	160098966	1.0	rs550313344	50	A	C	1	2.513409721710441	-2.7481434876263817	2.1231945357757696e-05	0.9999966275361309	0.057496146099938056	1.0	ref	2.513409721710441	2.1231945357757696e-05	0.057496146099938056	3748
chr12	38316780	38316781	1.0	rs7296576	50	C	T	3	1.5631989020679253	-1.2777046197273574	2.1639497967609355e-05	0.9998018651947088	0.057496146099938056	1.0	ref	1.5631989020679253	2.1639497967609355e-05	0.057496146099938056	3748
