#chr	start	end	mean_bad	id	max_cover	ref	alt	n_reps	ref_comb_es	alt_comb_es	ref_comb_pval	alt_comb_pval	ref_fdr_comb_pval	alt_fdr_comb_pval	pref_allele	comb_es	comb_pval	fdr_comb_pval
chr18	10706070	10706071	1.0	rs11659591	48	T	C	3	1.6770924171693757	-0.7236242817419952	1.0000801854207401e-05	0.9999363050511908	0.025767065977365368	1.0	ref	1.6770924171693757	1.0000801854207401e-05	0.025767065977365368
chr4	9152721	9152722	1.0	rs144519707	78	A	G	1	2.8608357845756998	-2.8412913298175324	5.555781891768553e-07	0.9999999897430966	0.0028628944088283353	1.0	ref	2.8608357845756998	5.555781891768553e-07	0.0028628944088283353
