#chr	start	end	mean_bad	id	max_cover	ref	alt	n_reps	ref_comb_es	alt_comb_es	ref_comb_pval	alt_comb_pval	ref_fdr_comb_pval	alt_fdr_comb_pval	pref_allele	comb_es	comb_pval	fdr_comb_pval	3749
chr1	223992648	223992649	1.0	rs11800372	48	T	C	2	1.913129643371685	-1.9590978505668857	1.2138409832543719e-05	0.999982915772345	0.028222686092589395	1.0	ref	1.913129643371685	1.2138409832543719e-05	0.028222686092589395	3749
chr10	38528687	38528688	1.25	rs4934958	58	G	C	4	-0.18632362507804548	1.8708110496650252	0.9999985662721133	2.2447420196746196e-07	1.0	0.0010316834322424552	alt	1.8708110496650252	2.2447420196746196e-07	0.0010316834322424552	3749
chr12	38316780	38316781	1.0	rs7296576	48	C	T	3	1.753876694066787	-0.855466989689769	1.228141257292837e-05	0.9999802521598065	0.028222686092589395	1.0	ref	1.753876694066787	1.228141257292837e-05	0.028222686092589395	3749
chr9	40992305	40992306	1.0	rs12376395	53	C	A	1	2.3453494528829593	-2.3653988540730566	4.4852672544389195e-05	0.9999762782742198	0.06871429433800424	1.0	ref	2.3453494528829593	4.4852672544389195e-05	0.06871429433800424	3749
