#chr	start	end	mean_bad	id	max_cover	ref	alt	n_reps	ref_comb_es	alt_comb_es	ref_comb_pval	alt_comb_pval	ref_fdr_comb_pval	alt_fdr_comb_pval	pref_allele	comb_es	comb_pval	fdr_comb_pval	3755
chr4	119454674	119454675	1.0	rs28714318	55	C	T	1	2.539666037035575	-2.654150467669005	1.5476803694590817e-05	0.9999970845084829	0.03275665501960146	1.0	ref	2.539666037035575	1.5476803694590817e-05	0.03275665501960146	3755
chr4	119454675	119454676	1.0	rs28495013	55	A	C	1	2.539666037035575	-2.654150467669005	1.5476803694590817e-05	0.9999970845084829	0.03275665501960146	1.0	ref	2.539666037035575	1.5476803694590817e-05	0.03275665501960146	3755
