#chr	start	end	mean_bad	id	max_cover	ref	alt	n_reps	ref_comb_es	alt_comb_es	ref_comb_pval	alt_comb_pval	ref_fdr_comb_pval	alt_fdr_comb_pval	pref_allele	comb_es	comb_pval	fdr_comb_pval	929
chr18	9913932	9913933	1.0	rs4798889	48	C	A	3	-0.5421198724859757	1.0984155351819478	0.9914365987499909	0.0004384210322249317	0.9953354202503921	0.08895459823022428	alt	1.0984155351819478	0.0004384210322249317	0.08895459823022428	929
chr19	54189830	54189831	1.0	rs39714	60	C	G	2	-0.39967126103378825	1.2080610669952545	0.9914840663052651	0.0005097684712333769	0.9953354202503921	0.08895459823022428	alt	1.2080610669952545	0.0005097684712333769	0.08895459823022428	929
chr7	87152392	87152393	1.0	rs17515896	34	G	A	2	-0.3895969942208244	1.6374217631984478	0.749476485364812	8.902237440230328e-05	0.9014356987205824	0.0621376173328077	alt	1.6374217631984478	8.902237440230328e-05	0.0621376173328077	929
chr7	87876337	87876338	1.0	rs6952943	52	C	A	2	-0.8449488794580129	1.217184156199107	0.9939094382729561	0.00043352787584575737	0.9953354202503921	0.08895459823022428	alt	1.217184156199107	0.00043352787584575737	0.08895459823022428	929
