#chr	start	end	mean_bad	id	max_cover	ref	alt	n_reps	ref_comb_es	alt_comb_es	ref_comb_pval	alt_comb_pval	ref_fdr_comb_pval	alt_fdr_comb_pval	pref_allele	comb_es	comb_pval	fdr_comb_pval
chr1	223992648	223992649	1.0	rs11800372	36	T	C	2	1.9429166948377845	-2.1692419311549624	9.646861551744433e-06	0.9995444384826851	0.028921290932129813	1.0	ref	1.9429166948377845	9.646861551744433e-06	0.028921290932129813
