#chr	start	end	mean_bad	id	max_cover	ref	alt	n_reps	ref_comb_es	alt_comb_es	ref_comb_pval	alt_comb_pval	ref_fdr_comb_pval	alt_fdr_comb_pval	pref_allele	comb_es	comb_pval	fdr_comb_pval	3746
3	130111581	130111582	1.0	rs72990317	66	A	G	4	1.6257941754547913	-1.1401577880486329	1.9687230880269882e-07	0.9999977809190466	0.0005945543725841504	1.0	ref	1.6257941754547913	1.9687230880269882e-07	0.0005945543725841504	3746
3	130111649	130111650	1.0	rs10934907	41	T	C	2	1.6640360877002092	-1.5303484803335203	8.568824820529014e-05	0.9996289129552851	0.09853378984256854	1.0	ref	1.6640360877002092	8.568824820529014e-05	0.09853378984256854	3746
7	36152823	36152824	1.0	rs28462277	64	T	C	1	2.036074823583445	-1.8515042169766986	9.788124818798199e-05	0.9998345156595057	0.09853378984256854	1.0	ref	2.036074823583445	9.788124818798199e-05	0.09853378984256854	3746
