#chr	start	end	mean_bad	id	max_cover	ref	alt	n_reps	ref_comb_es	alt_comb_es	ref_comb_pval	alt_comb_pval	ref_fdr_comb_pval	alt_fdr_comb_pval	pref_allele	comb_es	comb_pval	fdr_comb_pval	3736
chr2	141889974	141889975	1.0	rs7590166	47	T	C	3	1.5115203245642073	-1.2595310347059612	1.7326050683578516e-05	0.9998520430419521	0.03211383494201278	1.0	ref	1.5115203245642073	1.7326050683578516e-05	0.03211383494201278	3736
chr3	75435381	75435382	1.0	rs113390052	60	G	A	1	2.553936074694377	-2.581411489762214	1.0245348853618686e-05	0.9999979959379257	0.02531967213357631	1.0	ref	2.553936074694377	1.0245348853618686e-05	0.02531967213357631	3736
chr9	40992305	40992306	1.6666666666666667	rs12376395	75	C	A	3	1.9535056537602564	-0.7434565009667617	8.881969670325041e-07	0.9999990023648335	0.0032925461567894928	1.0	ref	1.9535056537602564	8.881969670325041e-07	0.0032925461567894928	3736
