#chr	start	end	mean_bad	id	max_cover	ref	alt	n_reps	ref_comb_es	alt_comb_es	ref_comb_pval	alt_comb_pval	ref_fdr_comb_pval	alt_fdr_comb_pval	pref_allele	comb_es	comb_pval	fdr_comb_pval
chr11	75554628	75554629	1.0	rs34699546	109	C	G	1	2.268434068028343	-2.071661089637085	1.3538865199100964e-06	0.999999838531303	0.011272459164771464	1.0	ref	2.268434068028343	1.3538865199100964e-06	0.011272459164771464
chr11	126890755	126890756	1.0	rs11220650	79	A	G	2	1.822294438480443	-0.9445467204942374	1.1903093904350666e-05	0.9999658620580718	0.049552579923811825	1.0	ref	1.822294438480443	1.1903093904350666e-05	0.049552579923811825
chr17	43361351	43361352	1.0	rs71367987	52	T	C	1	2.4465566326440937	-2.5580439320154524	2.9003109035203853e-05	0.9999916161575422	0.08049329527570243	1.0	ref	2.4465566326440937	2.9003109035203853e-05	0.08049329527570243
chr19	58381156	58381157	1.0	rs8101391	66	A	G	1	-2.0892902355547127	2.2548220109695865	0.999983259538893	1.815880729010765e-05	1.0	0.07559511474871816	alt	2.2548220109695865	1.815880729010765e-05	0.07559511474871816
chr2	63841653	63841654	1.0	rs6710763	40	G	T	2	1.9130167005988443	-1.966140655119335	8.365710517155652e-05	1.0	0.08706613220729746	1.0	ref	1.9130167005988443	8.365710517155652e-05	0.08706613220729746
chr2	141889974	141889975	1.25	rs7590166	107	T	C	2	1.9519699971828628	-2.0136726995871514	5.193327226172097e-05	0.9976605686800307	0.08402574354226437	1.0	ref	1.9519699971828628	5.193327226172097e-05	0.08402574354226437
chr3	130111581	130111582	2.0	rs72990317	105	A	G	3	1.607351865275763	-0.2088063873006345	5.5692966337942054e-05	0.9987275656322958	0.08402574354226437	1.0	ref	1.607351865275763	5.5692966337942054e-05	0.08402574354226437
chr6	57961542	57961543	1.0	rs9404620	94	A	G	3	1.259794221586406	-0.756368335200445	6.0551820952868874e-05	0.9992943153408073	0.08402574354226437	1.0	ref	1.259794221586406	6.0551820952868874e-05	0.08402574354226437
chr7	102671834	102671835	1.0	rs191159072	44	C	G	1	2.301905616516729	-2.5273449484226775	7.948613568657877e-05	0.9999698453457212	0.08706613220729746	1.0	ref	2.301905616516729	7.948613568657877e-05	0.08706613220729746
chr8	27245596	27245597	1.0	rs55637251	48	C	T	1	-2.7181146192000014	2.4723288854931	0.9999963022433547	1.653610070334598e-05	1.0	0.07559511474871816	alt	2.4723288854931	1.653610070334598e-05	0.07559511474871816
