#chr	start	end	mean_bad	id	max_cover	ref	alt	n_reps	ref_comb_es	alt_comb_es	ref_comb_pval	alt_comb_pval	ref_fdr_comb_pval	alt_fdr_comb_pval	pref_allele	comb_es	comb_pval	fdr_comb_pval	3743
1	16905196	16905197	1.125	rs11584240	54	G	A	4	1.2563554085409623	-0.5591801497035074	0.0001186460616158066	0.9738286961965036	0.08222172069975398	0.9943469669429453	ref	1.2563554085409623	0.0001186460616158066	0.08222172069975398	3743
1	223992648	223992649	1.0	rs11800372	36	T	C	3	1.5986598379174004	-0.930478731139577	5.944971210756943e-05	0.9674666013649774	0.05885521498649374	0.9935600989121656	ref	1.5986598379174004	5.944971210756943e-05	0.05885521498649374	3743
12	34022365	34022366	1.0	rs12372721	63	C	T	4	1.2263216851129828	-0.4652447190300089	0.0001339317979186042	0.9969463952791648	0.08437703268872065	1.0	ref	1.2263216851129828	0.0001339317979186042	0.08437703268872065	3743
12	38316656	38316657	1.0	rs4882284	78	A	G	4	1.2850922272332013	-0.9565156339200667	1.7482826454217789e-06	0.9999303654751724	0.0025949185350381695	1.0	ref	1.2850922272332013	1.7482826454217789e-06	0.0025949185350381695	3743
2	177552496	177552497	1.0	rs11695035	51	C	T	2	2.085582202997411	-2.0210307896171464	3.918006802570418e-06	0.9999968649251806	0.004525297856968833	1.0	ref	2.085582202997411	3.918006802570418e-06	0.004525297856968833	3743
3	130111581	130111582	1.75	rs72990317	74	A	G	4	1.8325479489175378	0.18699374858163004	1.8722355952656345e-06	0.9999889374608328	0.0025949185350381695	1.0	ref	1.8325479489175378	1.8722355952656345e-06	0.0025949185350381695	3743
3	130111649	130111650	1.75	rs10934907	49	T	C	4	1.3578947277520834	-0.021541374883955827	8.948180449810228e-05	0.9976337840600874	0.0775136131464811	1.0	ref	1.3578947277520834	8.948180449810228e-05	0.0775136131464811	3743
7	76549199	76549200	1.0	rs34238522	31	T	C	3	1.4336140296562658	-1.6146965951802854	0.00011779686616264575	0.991917305590077	0.08222172069975398	1.0	ref	1.4336140296562658	0.00011779686616264575	0.08222172069975398	3743
9	40992305	40992306	1.5	rs12376395	87	C	A	4	1.8224225788827002	-0.2999636181314967	2.866883078547075e-07	0.9999631422065599	0.0006622499911443744	1.0	ref	1.8224225788827002	2.866883078547075e-07	0.0006622499911443744	3743
