#chr	start	end	mean_bad	id	max_cover	ref	alt	n_reps	ref_comb_es	alt_comb_es	ref_comb_pval	alt_comb_pval	ref_fdr_comb_pval	alt_fdr_comb_pval	pref_allele	comb_es	comb_pval	fdr_comb_pval
chr1	239953029	239953030	1.0	rs12083364	56	C	T	1	2.4384588572744406	-2.461505389726609	2.3524438804374503e-05	0.9999914230052406	0.046195976863077345	1.0	ref	2.4384588572744406	2.3524438804374503e-05	0.046195976863077345
chr5	124952256	124952257	1.0	rs10072357	45	A	G	1	2.4394822763424613	-2.867457125354394	2.8076971351141015e-05	1.0	0.046195976863077345	1.0	ref	2.4394822763424613	2.8076971351141015e-05	0.046195976863077345
chr5	124952258	124952259	1.0	rs10057528	45	G	C	1	2.4394822763424613	-2.867457125354394	2.8076971351141015e-05	1.0	0.046195976863077345	1.0	ref	2.4394822763424613	2.8076971351141015e-05	0.046195976863077345
