#chr	start	end	mean_bad	id	max_cover	ref	alt	n_reps	ref_comb_es	alt_comb_es	ref_comb_pval	alt_comb_pval	ref_fdr_comb_pval	alt_fdr_comb_pval	pref_allele	comb_es	comb_pval	fdr_comb_pval
chr16	46390789	46390790	3.75	rs4249114	163	C	G	2	-0.33351470296457614	2.2929976308924056	0.9993285531688687	5.219797564691541e-05	1.0	0.06867513662612504	alt	2.2929976308924056	5.219797564691541e-05	0.06867513662612504
chr19	19320613	19320614	1.75	rs3934667	74	T	G	2	-1.0151230928097075	2.0355179254242635	0.9999758224885171	1.6131297611725234e-05	1.0	0.054355402837590244	alt	2.0355179254242635	1.6131297611725234e-05	0.054355402837590244
chr5	88660817	88660818	1.5	rs34961	127	T	A	2	-1.2592750146196507	1.985608583275719	0.999522714376186	2.7542641417578032e-05	1.0	0.054355402837590244	alt	1.985608583275719	2.7542641417578032e-05	0.054355402837590244
