#chr	start	end	mean_bad	id	max_cover	ref	alt	n_reps	ref_comb_es	alt_comb_es	ref_comb_pval	alt_comb_pval	ref_fdr_comb_pval	alt_fdr_comb_pval	pref_allele	comb_es	comb_pval	fdr_comb_pval	701
12	107761330	107761331	2.0	rs4964618	139	G	A	2	-1.4864364885098151	2.1049091162155014	0.9999955931921919	5.964322499656925e-06	1.0	0.027805671493400585	alt	2.1049091162155014	5.964322499656925e-06	0.027805671493400585	701
2	222788173	222788174	1.0	rs6732571	73	T	C	2	1.7046627566679062	-1.3332057342488595	8.838362185355865e-06	0.9999613618916586	0.041204444508129046	1.0	ref	1.7046627566679062	8.838362185355865e-06	0.041204444508129046	701
