#chr	start	end	mean_bad	id	max_cover	ref	alt	n_reps	ref_comb_es	alt_comb_es	ref_comb_pval	alt_comb_pval	ref_fdr_comb_pval	alt_fdr_comb_pval	pref_allele	comb_es	comb_pval	fdr_comb_pval	3694
chr12	34022365	34022366	1.0	rs12372721	94	C	T	1	1.7427998565933036	-1.528018585565377	0.00012080648564593462	0.9998323226198143	0.0992123263367238	1.0	ref	1.7427998565933036	0.00012080648564593462	0.0992123263367238	3694
chr4	9152699	9152700	1.0	rs144776921	56	C	T	1	2.175334711365518	-2.076093635781722	8.372383591068977e-05	0.9999067972208467	0.0916776003222053	1.0	ref	2.175334711365518	8.372383591068977e-05	0.0916776003222053	3694
chr4	9152721	9152722	1.0	rs144519707	62	A	G	1	1.9783593257271583	-1.7923285629238435	0.00015195828397876365	0.9996981240031264	0.09983659257404773	1.0	ref	1.9783593257271583	0.00015195828397876365	0.09983659257404773	3694
chr4	119454824	119454825	1.0	rs28571712	58	G	A	1	2.236735256029661	-2.139577294839247	5.370786599870779e-05	0.9999494231282924	0.08821516990287753	1.0	ref	2.236735256029661	5.370786599870779e-05	0.08821516990287753	3694
chr5	134923872	134923873	1.0	rs77004795	61	A	G	1	-2.4516951677094276	2.4881680128315846	0.9999974001526717	7.334444435555568e-06	1.0	0.02409364997080004	alt	2.4881680128315846	7.334444435555568e-06	0.02409364997080004	3694
chr7	86846994	86846995	1.0	rs6967992	80	T	C	1	1.9969267220087823	-1.7829799929154202	4.454266884527104e-05	0.9999413889375112	0.08821516990287753	1.0	ref	1.9969267220087823	4.454266884527104e-05	0.08821516990287753	3694
