#chr	start	end	mean_bad	id	max_cover	ref	alt	n_reps	ref_comb_es	alt_comb_es	ref_comb_pval	alt_comb_pval	ref_fdr_comb_pval	alt_fdr_comb_pval	pref_allele	comb_es	comb_pval	fdr_comb_pval
chr1	59814712	59814713	1.0	rs138221355	52	C	A	1	2.312927975190582	-2.333105988347538	5.5859459037930424e-05	0.9999649338329509	0.08091242641644222	1.0	ref	2.312927975190582	5.5859459037930424e-05	0.08091242641644222
chr1	59814747	59814748	1.0	rs187152960	41	C	T	1	2.287479182897411	-2.705391118110978	7.200395598965931e-05	1.0	0.08343818420081721	1.0	ref	2.287479182897411	7.200395598965931e-05	0.08343818420081721
chr19	9435629	9435630	1.0	rs1433061	39	A	G	2	1.8313774701146985	-1.2225755168178287	4.6102095804907275e-05	0.9999215287877437	0.08091242641644222	1.0	ref	1.8313774701146985	4.6102095804907275e-05	0.08091242641644222
chr6	57961542	57961543	1.0	rs9404620	63	A	G	2	1.7852814048720247	-1.5625556423180766	1.4997227860207025e-05	0.9999682367966483	0.04344696911101975	1.0	ref	1.7852814048720247	1.4997227860207025e-05	0.04344696911101975
chr6	151044851	151044852	1.0	rs6904734	63	A	G	2	1.9678951377142289	-1.4592199557750787	4.04310509035576e-06	0.9999915905021387	0.023425750893521273	1.0	ref	1.9678951377142289	4.04310509035576e-06	0.023425750893521273
chr7	100336384	100336385	1.0	rs7786844	43	T	G	2	1.609985539899144	-1.2188030412285649	0.0001130977588972917	0.9782535600355777	0.09783461573959043	1.0	ref	1.609985539899144	0.0001130977588972917	0.09783461573959043
chr7	123534787	123534788	1.0	rs10428991	97	T	G	2	1.572236897077141	-0.3144575935392419	0.00011819853472163152	0.9996682155492932	0.09783461573959043	1.0	ref	1.572236897077141	0.00011819853472163152	0.09783461573959043
