#chr	start	end	mean_bad	id	max_cover	ref	alt	n_reps	ref_comb_es	alt_comb_es	ref_comb_pval	alt_comb_pval	ref_fdr_comb_pval	alt_fdr_comb_pval	pref_allele	comb_es	comb_pval	fdr_comb_pval	4265
chr16	31467389	31467390	1.25	rs13337037	101	G	A	2	-1.7972306742241075	1.9946066080055802	0.9999990718931522	1.1334416587794782e-05	1.0	0.091627423695733	alt	1.9946066080055802	1.1334416587794782e-05	0.091627423695733	4265
chr17	45584661	45584662	1.0	rs1724428	98	A	G	3	1.5371341381459982	-0.6892099971201827	1.5461517335513454e-05	0.9824304058158326	0.07694469863403872	1.0	ref	1.5371341381459982	1.5461517335513454e-05	0.07694469863403872	4265
chr7	102748890	102748891	1.0	rs113541101	54	C	A	1	2.5092923879920566	-2.622752551965211	1.903629357596208e-05	0.999995817587925	0.07694469863403872	1.0	ref	2.5092923879920566	1.903629357596208e-05	0.07694469863403872	4265
