#chr	start	end	mean_bad	id	max_cover	ref	alt	n_reps	ref_comb_es	alt_comb_es	ref_comb_pval	alt_comb_pval	ref_fdr_comb_pval	alt_fdr_comb_pval	pref_allele	comb_es	comb_pval	fdr_comb_pval	2679
1	88684079	88684080	1.0	rs78348541	26	G	C	4	1.2052395646249705	0.14269821314666187	0.00020460886427171822	0.8667221460258117	0.04885036634487272	0.974354610933484	ref	1.2052395646249705	0.00020460886427171822	0.04885036634487272	2679
11	17276577	17276578	1.0	rs214088	29	C	G	7	1.0075465136823991	0.10614015654757644	0.00010093622195360815	0.9952123841232562	0.03931939340787563	0.9993983457809775	ref	1.0075465136823991	0.00010093622195360815	0.03931939340787563	2679
19	40443333	40443334	1.0	rs28480551	29	C	G	4	1.0936131427647044	-0.854357410700738	0.00011848102419047745	0.9983672781456372	0.03931939340787563	0.9994137847265027	ref	1.0936131427647044	0.00011848102419047745	0.03931939340787563	2679
4	9152721	9152722	1.0	rs144519707	25	A	G	6	1.0092597746527932	-0.4611444900252108	0.00012351641908233183	0.9896676336351836	0.03931939340787563	0.9966882650147537	ref	1.0092597746527932	0.00012351641908233183	0.03931939340787563	2679
