#chr	start	end	mean_bad	id	max_cover	ref	alt	n_reps	ref_comb_es	alt_comb_es	ref_comb_pval	alt_comb_pval	ref_fdr_comb_pval	alt_fdr_comb_pval	pref_allele	comb_es	comb_pval	fdr_comb_pval	3383
chr10	95693945	95693946	1.0	rs41291572	96	A	C	2	1.3009168254096655	-0.8256464349850854	0.0001034751604959793	0.9995280714699681	0.04282251056353217	1.0	ref	1.3009168254096655	0.0001034751604959793	0.04282251056353217	3383
chr11	81869958	81869959	1.0	rs1459950	108	C	T	2	1.1548954087297152	-0.9120945610466034	0.00015102257583038528	0.9992934804242016	0.04709387322977514	1.0	ref	1.1548954087297152	0.00015102257583038528	0.04709387322977514	3383
chr3	101676207	101676208	1.0	rs114139530	38	G	A	2	1.6661156568064257	-1.5906715989977445	9.439640990348378e-05	0.9996808073089803	0.04282251056353217	1.0	ref	1.6661156568064257	9.439640990348378e-05	0.04282251056353217	3383
chr3	130111581	130111582	1.0	rs72990317	43	A	G	1	2.2634314687020938	-2.4840807817237884	0.00010009162406829231	0.9999544285622557	0.04282251056353217	1.0	ref	2.2634314687020938	0.00010009162406829231	0.04282251056353217	3383
chr4	119454824	119454825	1.0	rs28571712	64	G	A	1	2.5336710413221906	-2.4981046719118734	8.20060621998018e-06	0.9999980486294651	0.015343334237582917	1.0	ref	2.5336710413221906	8.20060621998018e-06	0.015343334237582917	3383
chr6	149941946	149941947	1.0	rs17079081	43	T	G	2	1.65871650313644	-1.0801699926562718	0.0001144374948250459	0.9994861416333817	0.04282251056353217	1.0	ref	1.65871650313644	0.0001144374948250459	0.04282251056353217	3383
chr7	50740335	50740336	1.0	rs12536500	50	T	C	2	-1.8978598439281957	2.080519492912959	0.9999964911280317	2.776046553308075e-06	1.0	0.005193983101239409	alt	2.080519492912959	2.776046553308075e-06	0.005193983101239409	3383
