#chr	start	end	mean_bad	id	max_cover	ref	alt	n_reps	ref_comb_es	alt_comb_es	ref_comb_pval	alt_comb_pval	ref_fdr_comb_pval	alt_fdr_comb_pval	pref_allele	comb_es	comb_pval	fdr_comb_pval	4266
chr1	16613698	16613699	1.5	rs1762929	72	G	A	3	0.6518674607547922	2.3356429216714765	0.999997823013714	4.3842321512368666e-06	1.0	0.039677300968693645	alt	2.3356429216714765	4.3842321512368666e-06	0.039677300968693645	4266
chr10	110843267	110843268	1.0	rs9633680	76	A	G	2	-0.5351292518245213	2.000359070936455	0.9999676682471809	3.2886282971164373e-05	1.0	0.09920695362967918	alt	2.000359070936455	3.2886282971164373e-05	0.09920695362967918	4266
chr11	125702803	125702804	1.0	rs523563	55	T	C	2	-1.3828683820689547	1.7685258534879953	0.9999178204704467	1.7109802228230624e-05	1.0	0.07742185508274357	alt	1.7685258534879953	1.7109802228230624e-05	0.07742185508274357	4266
chr4	81513346	81513347	1.0	rs895091	77	G	A	2	2.092897601011961	-1.8204901708649066	7.470394451245017e-07	0.9999401215853247	0.006760706978376741	1.0	ref	2.092897601011961	7.470394451245017e-07	0.006760706978376741	4266
