#chr	start	end	mean_bad	id	max_cover	ref	alt	n_reps	ref_comb_es	alt_comb_es	ref_comb_pval	alt_comb_pval	ref_fdr_comb_pval	alt_fdr_comb_pval	pref_allele	comb_es	comb_pval	fdr_comb_pval	775
17	19112067	19112068	1.0	rs16942268	45	T	A	1	2.4394822763424613	-2.867457125354394	2.8076971351141015e-05	1.0	0.07125935328919589	1.0	ref	2.4394822763424613	2.8076971351141015e-05	0.07125935328919589	775
7	46651302	46651303	1.0	rs12702232	41	C	G	2	2.175974084976877	-2.133972447016848	1.7724890902469122e-06	0.9995973652817853	0.008997154622093325	1.0	ref	2.175974084976877	1.7724890902469122e-06	0.008997154622093325	775
