#chr	start	end	mean_bad	id	max_cover	ref	alt	n_reps	ref_comb_es	alt_comb_es	ref_comb_pval	alt_comb_pval	ref_fdr_comb_pval	alt_fdr_comb_pval	pref_allele	comb_es	comb_pval	fdr_comb_pval
chr16	14975050	14975051	1.0	rs28418438	58	C	G	2	2.0813067776363736	-1.9535801075765178	2.804254477539154e-06	0.9999965245138852	0.024256801230713686	1.0	ref	2.0813067776363736	2.804254477539154e-06	0.024256801230713686
chr16	46390789	46390790	1.5	rs4249114	200	C	G	2	-2.254269215891244	2.4242031714192684	0.9999995322437326	1.6609374531429174e-06	1.0	0.010348758680592277	alt	2.4242031714192684	1.6609374531429174e-06	0.010348758680592277
chr5	88660817	88660818	1.0	rs34961	69	T	A	1	-2.4900382249269026	2.5728570535615822	0.9999995493898364	2.392776573547347e-06	1.0	0.010348758680592277	alt	2.5728570535615822	2.392776573547347e-06	0.010348758680592277
chr5	94111669	94111670	1.0	rs9314099	50	T	C	2	-1.5368386043789317	1.6818341396956058	0.9998154430348376	4.046231848732342e-05	1.0	0.0874997637288369	alt	1.6818341396956058	4.046231848732342e-05	0.0874997637288369
chr6	25027440	25027441	1.25	rs9356956	64	A	C	2	-2.3231508994807175	2.086190366552619	0.9999969719075793	1.677392114893768e-05	1.0	0.04836480597943697	alt	2.086190366552619	1.677392114893768e-05	0.04836480597943697
