#chr	start	end	mean_bad	id	max_cover	ref	alt	n_reps	ref_comb_es	alt_comb_es	ref_comb_pval	alt_comb_pval	ref_fdr_comb_pval	alt_fdr_comb_pval	pref_allele	comb_es	comb_pval	fdr_comb_pval
chr1	244048272	244048273	1.0	rs552854628	33	G	C	2	1.7821998565674053	-1.9767330478035472	3.633016584779502e-05	0.9999640526346335	0.048234350190589186	1.0	ref	1.7821998565674053	3.633016584779502e-05	0.048234350190589186
chr7	77122603	77122604	1.0	rs2080164	62	A	G	1	2.6083838587167527	-2.6412575357513317	6.842767338967179e-06	0.9999989912950314	0.026353153075004708	1.0	ref	2.6083838587167527	6.842767338967179e-06	0.026353153075004708
chr7	123534825	123534826	1.0	rs62484466	59	T	A	2	1.9497688279654048	-1.0573688259145249	1.3232816005525838e-05	0.9999828196023628	0.026353153075004708	1.0	ref	1.9497688279654048	1.3232816005525838e-05	0.026353153075004708
