#chr	start	end	mean_bad	id	max_cover	ref	alt	n_reps	ref_comb_es	alt_comb_es	ref_comb_pval	alt_comb_pval	ref_fdr_comb_pval	alt_fdr_comb_pval	pref_allele	comb_es	comb_pval	fdr_comb_pval
chr3	125915923	125915924	1.125	rs7632305	50	C	T	4	1.230643457599219	-0.8744019314674508	6.381736373151465e-05	0.9993237070188695	0.04377086212896729	1.0	ref	1.230643457599219	6.381736373151465e-05	0.04377086212896729
chr4	9152721	9152722	1.0	rs144519707	48	A	G	3	1.5701571123594795	-1.4215853786925123	9.896668993101072e-06	0.9999641307284635	0.028898273459855132	1.0	ref	1.5701571123594795	9.896668993101072e-06	0.028898273459855132
chr4	119454824	119454825	1.0	rs28571712	39	G	A	4	1.34113065891002	-0.5922960705272516	6.026871699017325e-05	0.9990035638954677	0.04377086212896729	1.0	ref	1.34113065891002	6.026871699017325e-05	0.04377086212896729
chr6	73521135	73521136	2.25	rs3822960	69	C	T	4	1.777539614727343	-0.016693513797233293	7.495010638521796e-05	0.9997659841712007	0.04377086212896729	1.0	ref	1.777539614727343	7.495010638521796e-05	0.04377086212896729
chr6	100355211	100355212	1.0	rs11155409	40	C	T	4	1.2078991169842728	-0.6880477238498086	9.995640784287302e-05	0.9787831421045023	0.045256489097284476	0.9916086154340947	ref	1.2078991169842728	9.995640784287302e-05	0.045256489097284476
chr7	36152996	36152997	1.0	rs12533197	75	T	G	4	1.1498411283407375	-0.626182657955229	5.066152311905781e-05	0.9980844320292871	0.04377086212896729	1.0	ref	1.1498411283407375	5.066152311905781e-05	0.04377086212896729
chr7	121438584	121438585	1.0	rs12706345	37	T	C	3	1.4605560853740933	-0.748392533650128	0.0001084915834523943	0.9994145162306666	0.045256489097284476	1.0	ref	1.4605560853740933	0.0001084915834523943	0.045256489097284476
