#chr	start	end	mean_bad	id	max_cover	ref	alt	n_reps	ref_comb_es	alt_comb_es	ref_comb_pval	alt_comb_pval	ref_fdr_comb_pval	alt_fdr_comb_pval	pref_allele	comb_es	comb_pval	fdr_comb_pval
chr1	9910427	9910428	1.0	rs193174306	65	G	A	2	1.715873188892634	-1.058491936496938	2.298793332778534e-05	0.9998995395375714	0.08915123422481709	1.0	ref	1.715873188892634	2.298793332778534e-05	0.08915123422481709
chr1	55640832	55640833	1.0	rs12405865	39	C	T	2	1.7672898330758002	-1.5134966034555433	5.425574656140608e-05	0.9998731718868531	0.08915123422481709	1.0	ref	1.7672898330758002	5.425574656140608e-05	0.08915123422481709
chr1	235504678	235504679	1.0	rs182366	61	G	C	1	-2.4516951677094276	2.4881680128315846	0.9999974001526717	7.334444435555568e-06	1.0	0.03615514384507117	alt	2.4881680128315846	7.334444435555568e-06	0.03615514384507117
chr10	103720628	103720629	1.0	rs35176054	37	T	A	2	1.790339158015834	-1.3836342552557077	4.9333879823052626e-05	0.9999138477704818	0.08915123422481709	1.0	ref	1.790339158015834	4.9333879823052626e-05	0.08915123422481709
chr2	127109530	127109531	1.0	rs9653202	36	T	C	2	1.809502382770107	-1.29357419867494	5.377096738154124e-05	0.9725000996403868	0.08915123422481709	0.9935749466282949	ref	1.809502382770107	5.377096738154124e-05	0.08915123422481709
chr2	220259876	220259877	1.0	rs12612586	54	T	C	2	-1.0307101307383437	2.046981085230392	0.9999927447863401	7.236634269099012e-06	1.0	0.03615514384507117	alt	2.046981085230392	7.236634269099012e-06	0.03615514384507117
chr2	237402968	237402969	1.0	rs2645779	38	C	T	2	-1.9215862988046737	1.81576741592559	0.9999701597050014	2.124619317835288e-05	1.0	0.06982207284846036	alt	1.81576741592559	2.124619317835288e-05	0.06982207284846036
chr3	186930327	186930328	1.0	rs1468906	60	A	G	2	2.0441983970264364	-1.454868888649022	2.7751827361674387e-06	0.9999950122039883	0.02736052659587478	1.0	ref	2.0441983970264364	2.7751827361674387e-06	0.02736052659587478
chr8	7355237	7355238	1.0	rs11137098	55	C	T	2	1.8529730616168776	-0.9735011634045929	5.042612584937092e-05	0.9998708358656907	0.08915123422481709	1.0	ref	1.8529730616168776	5.042612584937092e-05	0.08915123422481709
