#chr	start	end	mean_bad	id	max_cover	ref	alt	n_reps	ref_comb_es	alt_comb_es	ref_comb_pval	alt_comb_pval	ref_fdr_comb_pval	alt_fdr_comb_pval	pref_allele	comb_es	comb_pval	fdr_comb_pval	665
chr1	16613698	16613699	1.0	rs1762929	50	G	A	2	-1.172391464317044	1.6298457016274113	0.9996176922702007	6.569441856817391e-05	1.0	0.055577478108675124	alt	1.6298457016274113	6.569441856817391e-05	0.055577478108675124	665
chr18	52219262	52219263	1.0	rs1445099	38	C	T	2	-1.535338739005573	1.9230448152276354	0.9887704824843713	1.4487209630899132e-05	0.9998802631864429	0.03195149246091186	alt	1.9230448152276354	1.4487209630899132e-05	0.03195149246091186	665
chr4	72039109	72039110	1.0	rs12508532	37	A	G	2	-1.7655750221350137	1.7151954078699594	0.9998690590178386	4.5338975931463856e-05	1.0	0.055577478108675124	alt	1.7151954078699594	4.5338975931463856e-05	0.055577478108675124	665
chr4	176195627	176195628	1.0	rs4565028	84	T	C	2	-0.7908659644543922	1.5213846474066735	0.9998352947626717	5.324039962695277e-05	1.0	0.055577478108675124	alt	1.5213846474066735	5.324039962695277e-05	0.055577478108675124	665
chr8	128794750	128794751	1.0	rs723639	91	C	T	2	-0.8857174611863766	1.685975942768817	0.9999576904322289	1.510708863400088e-05	1.0	0.03195149246091186	alt	1.685975942768817	1.510708863400088e-05	0.03195149246091186	665
