#chr	start	end	mean_bad	id	max_cover	ref	alt	n_reps	ref_comb_es	alt_comb_es	ref_comb_pval	alt_comb_pval	ref_fdr_comb_pval	alt_fdr_comb_pval	pref_allele	comb_es	comb_pval	fdr_comb_pval
chr16	70162282	70162283	1.25	rs1044876	111	T	G	2	-2.1577488032299343	2.369426469924867	0.9999989298683699	3.418048925827953e-07	1.0	0.005457256914976909	alt	2.369426469924867	3.418048925827953e-07	0.005457256914976909
chr20	49763647	49763648	1.0	rs12625137	60	A	G	1	-3.0892902355547127	2.8348989648778073	0.9999999704786785	1.1888832433586857e-06	1.0	0.009490854931732387	alt	2.8348989648778073	1.1888832433586857e-06	0.009490854931732387
chr22	23894204	23894205	2.0	rs755622	143	G	C	2	-1.71885327982429	2.110759934763471	0.999997661949852	3.864467107331071e-06	1.0	0.011363925633585056	alt	2.110759934763471	3.864467107331071e-06	0.011363925633585056
chr5	777896	777897	2.0	rs423546	316	A	C	2	-1.1772353033278566	1.7799942886247626	0.9999992503979077	4.270547025022569e-06	1.0	0.011363925633585056	alt	1.7799942886247626	4.270547025022569e-06	0.011363925633585056
chr6	70668484	70668485	1.0	rs781984	59	A	G	2	-1.8879847748432699	1.9605954135987858	0.9998315748594642	3.1880540485062303e-06	1.0	0.011363925633585056	alt	1.9605954135987858	3.1880540485062303e-06	0.011363925633585056
chr7	37324187	37324188	3.5	rs138148197	165	T	C	2	0.013804676000931137	2.7231533351481847	0.9999996213376561	3.5665033840521337e-06	1.0	0.011363925633585056	alt	2.7231533351481847	3.5665033840521337e-06	0.011363925633585056
chr7	47458432	47458433	1.0	rs2960226	85	G	C	1	2.4234617403921046	-2.244225619564786	2.318349156213015e-06	0.9999993403844714	0.037014762628097	1.0	ref	2.4234617403921046	2.318349156213015e-06	0.037014762628097
