#chr	start	end	mean_bad	id	max_cover	ref	alt	n_reps	ref_comb_es	alt_comb_es	ref_comb_pval	alt_comb_pval	ref_fdr_comb_pval	alt_fdr_comb_pval	pref_allele	comb_es	comb_pval	fdr_comb_pval
chr11	57712259	57712260	1.0	rs1424751	31	G	C	2	1.6118847442673667	-1.348468337038423	0.00017032469925946513	0.9762107230857092	0.0992567184934533	0.9923886591856905	ref	1.6118847442673667	0.00017032469925946513	0.0992567184934533
chr16	46390789	46390790	1.8333333333333333	rs4249114	174	C	G	3	-1.8069954224463394	1.86780078862789	0.9999999791452371	4.826629125888988e-07	1.0	0.001125087249244723	alt	1.86780078862789	4.826629125888988e-07	0.001125087249244723
chr16	46390833	46390834	2.0	rs4349173	66	G	A	2	1.9682333242354915	-1.3916194328735805	8.081332002680696e-05	0.9864656517264638	0.06279194966082902	0.9994835593382245	ref	1.9682333242354915	8.081332002680696e-05	0.06279194966082902
chr3	125916029	125916030	1.0	rs7644184	47	T	C	2	2.2035588573517173	-1.9423824477015215	1.2820218950670902e-06	0.9994168728188487	0.0024565752059827885	1.0	ref	2.2035588573517173	1.2820218950670902e-06	0.0024565752059827885
chr3	125916037	125916038	1.0	rs7632557	49	G	C	2	2.137107248707902	-1.8528203835152957	2.107743634476867e-06	0.9999981858017335	0.0024565752059827885	1.0	ref	2.137107248707902	2.107743634476867e-06	0.0024565752059827885
