#chr	start	end	mean_bad	id	max_cover	ref	alt	n_reps	ref_comb_es	alt_comb_es	ref_comb_pval	alt_comb_pval	ref_fdr_comb_pval	alt_fdr_comb_pval	pref_allele	comb_es	comb_pval	fdr_comb_pval	2525
chr10	14801944	14801945	1.0	rs10906764	48	G	T	1	-2.460321901960467	2.3417152106927754	0.9999801970143047	3.642455374383177e-05	1.0	0.09063885953615097	alt	2.3417152106927754	3.642455374383177e-05	0.09063885953615097	2525
chr13	36346474	36346475	1.0	rs2281864	53	C	T	1	-2.2025639788536893	2.2471599133277893	0.9999537191471657	4.7370798025656145e-05	1.0	0.0982312448392023	alt	2.2471599133277893	4.7370798025656145e-05	0.0982312448392023	2525
chr13	76894628	76894629	1.0	rs661007	61	G	A	1	-2.1053961300017985	2.2376654288688194	0.9999721287356923	2.8960453762776987e-05	1.0	0.09008149142911781	alt	2.2376654288688194	2.8960453762776987e-05	0.09008149142911781	2525
chr2	96553019	96553020	1.0	rs2579507	44	G	C	1	-2.8730425438244622	2.4262014313382863	1.0	1.8617603141306835e-05	1.0	0.07721340609471322	alt	2.4262014313382863	1.8617603141306835e-05	0.07721340609471322	2525
chr4	40265365	40265366	1.0	rs11097019	56	A	C	1	-2.5037975191367003	2.471203835194123	0.9999959040784441	1.131243798383291e-05	1.0	0.07037467669742453	alt	2.471203835194123	1.131243798383291e-05	0.07037467669742453	2525
chr4	75941101	75941102	1.0	rs13126007	72	G	A	1	-2.5609917811984793	2.6444103145866156	0.9999998620290715	1.2552285276302102e-06	1.0	0.015617553340775074	alt	2.6444103145866156	1.2552285276302102e-06	0.015617553340775074	2525
