#chr	start	end	mean_bad	id	max_cover	ref	alt	n_reps	ref_comb_es	alt_comb_es	ref_comb_pval	alt_comb_pval	ref_fdr_comb_pval	alt_fdr_comb_pval	pref_allele	comb_es	comb_pval	fdr_comb_pval	3581
chr6	57961542	57961543	1.0	rs9404620	50	A	G	3	1.9106070861186897	-0.9282005058184775	1.1009572353547587e-06	0.9999974180766257	0.013630951530927268	1.0	ref	1.9106070861186897	1.1009572353547587e-06	0.013630951530927268	3581
chr9	62802506	62802507	1.75	rs141336474	73	G	C	4	1.480379447144077	-1.1501898516448372	4.360396371099104e-06	0.9999867751092489	0.017995355823526002	1.0	ref	1.480379447144077	4.360396371099104e-06	0.017995355823526002	3581
chr9	62802507	62802508	1.75	rs140896721	73	C	T	4	1.480379447144077	-1.1501898516448372	4.360396371099104e-06	0.9999867751092489	0.017995355823526002	1.0	ref	1.480379447144077	4.360396371099104e-06	0.017995355823526002	3581
