#chr	start	end	mean_bad	id	max_cover	ref	alt	n_reps	ref_comb_es	alt_comb_es	ref_comb_pval	alt_comb_pval	ref_fdr_comb_pval	alt_fdr_comb_pval	pref_allele	comb_es	comb_pval	fdr_comb_pval
chr11	81869958	81869959	1.0	rs1459950	147	C	T	2	1.0420962597161352	-0.4749074208092537	0.00029068290401720187	0.9987667732310049	0.08095758366493574	1.0	ref	1.0420962597161352	0.00029068290401720187	0.08095758366493574
chr12	34022365	34022366	1.0	rs12372721	33	C	T	2	1.628948166116528	-1.2521265157955774	0.00014146484503182454	0.9711344350279274	0.052568336413825995	0.9978207680875595	ref	1.628948166116528	0.00014146484503182454	0.052568336413825995
chr3	101676207	101676208	1.0	rs114139530	59	G	A	2	1.9479458216321703	-2.1708401861775735	4.679696466121167e-05	0.9999638087931954	0.04347438017026565	1.0	ref	1.9479458216321703	4.679696466121167e-05	0.04347438017026565
chr3	130111581	130111582	1.0	rs72990317	51	A	G	2	1.7630367714784632	-1.486988885132586	2.2274665556299337e-05	0.9998949786717265	0.041386328603604174	1.0	ref	1.7630367714784632	2.2274665556299337e-05	0.041386328603604174
chr7	33129290	33129291	1.0	rs3750122	58	G	C	2	1.5491196878919107	-1.3694792074706255	9.622078427530703e-05	0.999346287288751	0.05122029880536263	1.0	ref	1.5491196878919107	9.622078427530703e-05	0.05122029880536263
chr7	50740335	50740336	1.0	rs12536500	57	T	C	2	-2.1271975504776233	2.1352051383049204	0.9999988327945369	9.439494483416607e-07	1.0	0.0017538580750188057	alt	2.1352051383049204	9.439494483416607e-07	0.0017538580750188057
chr8	80171624	80171625	1.0	rs10111451	72	T	C	2	1.4440719185205615	-0.9147172667463834	0.000110269749850081	0.9992143111614851	0.05122029880536263	1.0	ref	1.4440719185205615	0.000110269749850081	0.05122029880536263
chr8	90467839	90467840	1.0	rs2223010	33	A	G	2	1.5213202683296805	-1.48158430402198	0.000305007042871125	0.9992597316913713	0.08095758366493574	1.0	ref	1.5213202683296805	0.000305007042871125	0.08095758366493574
