#chr	start	end	mean_bad	id	max_cover	ref	alt	n_reps	ref_comb_es	alt_comb_es	ref_comb_pval	alt_comb_pval	ref_fdr_comb_pval	alt_fdr_comb_pval	pref_allele	comb_es	comb_pval	fdr_comb_pval	3582
3	134485998	134485999	1.0	rs2370576	42	C	G	4	-0.3474116907349825	1.421806153254119	0.9996802054630993	2.328418059900417e-06	1.0	0.02539139894321405	alt	1.421806153254119	2.328418059900417e-06	0.02539139894321405	3582
5	144170652	144170653	1.0	rs6864309	76	G	T	2	1.5637229473032046	-0.8510193442001448	5.8490044408884e-06	0.9998417716102109	0.031891696713944	1.0	ref	1.5637229473032046	5.8490044408884e-06	0.031891696713944	3582
8	8228515	8228516	1.0	rs114082303	45	C	T	1	2.0709631915574773	-2.0565939016076866	5.598918779671196e-06	0.9998803359483543	0.031891696713944	1.0	ref	2.0709631915574773	5.598918779671196e-06	0.031891696713944	3582
9	62802624	62802625	1.0	rs1845066	29	T	A	2	1.5642916843612853	-1.489419129557688	2.090045762609823e-05	0.9901170840431354	0.07597316347086706	0.9990032199750547	ref	1.5642916843612853	2.090045762609823e-05	0.07597316347086706	3582
