#chr	start	end	mean_bad	id	max_cover	ref	alt	n_reps	ref_comb_es	alt_comb_es	ref_comb_pval	alt_comb_pval	ref_fdr_comb_pval	alt_fdr_comb_pval	pref_allele	comb_es	comb_pval	fdr_comb_pval
chr11	81869958	81869959	1.0	rs1459950	145	C	T	2	1.4043936960275223	-1.254839560807652	1.3777404743652234e-05	0.9999592420311683	0.018890636023227998	1.0	ref	1.4043936960275223	1.3777404743652234e-05	0.018890636023227998
chr11	119121466	119121467	1.0	rs583713	41	T	C	2	-1.4100365223061515	1.6617547409620426	0.9997344801429631	6.818929036097644e-05	1.0	0.05532424424620556	alt	1.6617547409620426	6.818929036097644e-05	0.05532424424620556
chr14	65412635	65412636	1.0	rs2898820	64	T	G	2	-2.2360227458163893	2.1272135906522407	0.9999992213763691	8.318179009019704e-07	1.0	0.002024644770795396	alt	2.1272135906522407	8.318179009019704e-07	0.002024644770795396
chr15	49620905	49620906	1.0	rs114332954	116	C	A	2	-1.5996226261690842	1.6876163674417386	0.9999936267971757	4.420481652222359e-06	1.0	0.0053797261707546114	alt	1.6876163674417386	4.420481652222359e-06	0.0053797261707546114
chr16	14975050	14975051	1.0	rs28418438	44	C	G	1	2.164156901943369	-2.2616883603873403	0.00017283646396267725	0.9998456815662834	0.0600977076121652	1.0	ref	2.164156901943369	0.00017283646396267725	0.0600977076121652
chr2	161244749	161244750	1.0	rs11678980	76	G	A	2	1.4116600731491844	-1.2110205761488873	0.00014926762172570474	0.9989561840762031	0.0600977076121652	1.0	ref	1.4116600731491844	0.00014926762172570474	0.0600977076121652
chr5	65562859	65562860	1.0	rs432206	62	G	C	1	2.3522124734495975	-2.259483394874852	2.2549724241563836e-05	0.9999868212771277	0.018890636023227998	1.0	ref	2.3522124734495975	2.2549724241563836e-05	0.018890636023227998
chr5	128083164	128083165	1.0	rs564514340	50	A	G	1	2.1098633324156144	-2.0554334093796776	0.00017051040351803528	0.9997725155422985	0.0600977076121652	1.0	ref	2.1098633324156144	0.00017051040351803528	0.0600977076121652
chr6	95577390	95577391	1.0	rs7770751	61	C	T	2	1.730878831803353	-1.6950817668510607	2.328344620775842e-05	0.9999457545247915	0.018890636023227998	1.0	ref	1.730878831803353	2.328344620775842e-05	0.018890636023227998
chr6	138773500	138773501	1.0	rs59299306	34	A	G	2	1.7857003381685843	-2.064321806187011	3.203755703388927e-05	0.999147420825038	0.01949485345512162	1.0	ref	1.7857003381685843	3.203755703388927e-05	0.01949485345512162
