#chr	start	end	mean_bad	id	max_cover	ref	alt	n_reps	ref_comb_es	alt_comb_es	ref_comb_pval	alt_comb_pval	ref_fdr_comb_pval	alt_fdr_comb_pval	pref_allele	comb_es	comb_pval	fdr_comb_pval	65
10	28735200	28735201	1.0	rs1014607	63	G	A	1	-2.326113680660652	2.4181344587629394	0.9999953912943479	9.083036387466036e-06	1.0	0.06072518762887248	alt	2.4181344587629394	9.083036387466036e-06	0.06072518762887248	65
4	119454824	119454825	1.0	rs28571712	100	G	A	1	2.5959617349680215	-2.4108640087918216	2.4687828166265474e-07	0.999999987237208	0.0021038967163291436	1.0	ref	2.5959617349680215	2.4687828166265474e-07	0.0021038967163291436	65
9	128218784	128218785	1.0	rs3003602	55	C	T	1	-2.472947275564426	2.4408301861506043	0.9999936877861082	1.4251393482485914e-05	1.0	0.06072518762887248	alt	2.4408301861506043	1.4251393482485914e-05	0.06072518762887248	65
