#chr	start	end	mean_bad	id	max_cover	ref	alt	n_reps	ref_comb_es	alt_comb_es	ref_comb_pval	alt_comb_pval	ref_fdr_comb_pval	alt_fdr_comb_pval	pref_allele	comb_es	comb_pval	fdr_comb_pval
chr1	16613698	16613699	1.6666666666666667	rs1762929	73	G	A	3	-1.135147561138161	1.66270890443557	0.9999729052829138	5.560784343355102e-06	1.0	0.04542048651652447	alt	1.66270890443557	5.560784343355102e-06	0.04542048651652447
chr1	113812244	113812245	1.0	rs141450686	45	C	A	1	2.3393803219353924	-2.5665094761109115	6.331957700163891e-05	0.9999786270205586	0.08619905082489777	1.0	ref	2.3393803219353924	6.331957700163891e-05	0.08619905082489777
chr10	46556108	46556109	1.0	rs3127807	35	T	G	2	-2.1086020661916107	1.7837863124378739	1.0	3.507859008208222e-05	1.0	0.0955073079301492	alt	1.7837863124378739	3.507859008208222e-05	0.0955073079301492
chr10	46556167	46556168	1.0	rs3127805	44	T	G	3	-0.9036737586242032	1.4895036235827366	0.9982762147216888	2.5394628433168762e-05	1.0	0.0955073079301492	alt	1.4895036235827366	2.5394628433168762e-05	0.0955073079301492
chr11	71787340	71787341	1.0	rs12418197	52	A	G	1	2.4465566326440937	-2.5580439320154524	2.9003109035203853e-05	0.9999916161575422	0.0671891527431546	1.0	ref	2.4465566326440937	2.9003109035203853e-05	0.0671891527431546
chr18	6729349	6729350	1.0	rs73380708	55	A	G	1	2.408085208230922	-2.4301074740228152	2.910803117802354e-05	0.9999878575770434	0.0671891527431546	1.0	ref	2.408085208230922	2.910803117802354e-05	0.0671891527431546
chr3	101467112	101467113	1.0	rs4683916	35	C	T	2	1.7636633830444475	-2.1184019867967816	4.1129500944634304e-05	0.9993812970522366	0.0671891527431546	1.0	ref	1.7636633830444475	4.1129500944634304e-05	0.0671891527431546
chr7	77122603	77122604	1.0	rs2080164	66	A	G	3	1.8522735351750588	-1.9114142085442105	1.3488901547775921e-06	0.9999028323849395	0.011017734784223372	1.0	ref	1.8522735351750588	1.3488901547775921e-06	0.011017734784223372
chr7	102748890	102748891	1.0	rs113541101	94	C	A	4	1.1114533155667738	-0.8661563411146337	3.358118640687333e-05	0.9995625308539995	0.0671891527431546	1.0	ref	1.1114533155667738	3.358118640687333e-05	0.0671891527431546
