#chr	start	end	mean_bad	id	max_cover	ref	alt	n_reps	ref_comb_es	alt_comb_es	ref_comb_pval	alt_comb_pval	ref_fdr_comb_pval	alt_fdr_comb_pval	pref_allele	comb_es	comb_pval	fdr_comb_pval
chr16	46390789	46390790	2.0	rs4249114	807	C	G	1	-1.4595109138628235	1.5884393356236775	0.9999872356818449	2.7272760809872224e-05	1.0	0.08138191825665872	alt	1.5884393356236775	2.7272760809872224e-05	0.08138191825665872
chr16	46390833	46390834	2.0	rs4349173	323	G	A	1	2.024837210594975	-1.8731608278154646	2.541515805171319e-05	0.9999960067889804	0.07583883162631215	1.0	ref	2.024837210594975	2.541515805171319e-05	0.07583883162631215
