#chr	start	end	mean_bad	id	max_cover	ref	alt	n_reps	ref_comb_es	alt_comb_es	ref_comb_pval	alt_comb_pval	ref_fdr_comb_pval	alt_fdr_comb_pval	pref_allele	comb_es	comb_pval	fdr_comb_pval
chr1	16613791	16613792	1.0	rs113677251	61	C	T	1	2.32419809728	-2.2300158402304286	2.7943657825681402e-05	0.9999816741006988	0.09660122510338061	1.0	ref	2.32419809728	2.7943657825681402e-05	0.09660122510338061
