#chr	start	end	mean_bad	id	max_cover	ref	alt	n_reps	ref_comb_es	alt_comb_es	ref_comb_pval	alt_comb_pval	ref_fdr_comb_pval	alt_fdr_comb_pval	pref_allele	comb_es	comb_pval	fdr_comb_pval
chr10	109224102	109224103	1.0	rs12255127	87	G	C	1	2.148929815453832	-1.9428127508140696	1.1104159721923124e-05	0.999991903150282	0.06655860315554027	1.0	ref	2.148929815453832	1.1104159721923124e-05	0.06655860315554027
chr11	2835197	2835198	1.0	rs11819853	47	T	A	1	2.5098716042338594	-2.9409560941108883	1.787731881115206e-05	1.0	0.07918311434429526	1.0	ref	2.5098716042338594	1.787731881115206e-05	0.07918311434429526
chr14	43370750	43370751	2.0	rs2415807	166	G	A	1	2.7546309942278384	-2.474773523181519	1.1270294602168585e-05	0.9999988276983262	0.06655860315554027	1.0	ref	2.7546309942278384	1.1270294602168585e-05	0.06655860315554027
chr4	143184855	143184856	1.5	rs62330278	164	A	G	1	2.8278436148610924	-2.5599442093483686	5.449716328769958e-06	0.9998580286820029	0.06655860315554027	1.0	ref	2.8278436148610924	5.449716328769958e-06	0.06655860315554027
