#chr	start	end	mean_bad	id	max_cover	ref	alt	n_reps	ref_comb_es	alt_comb_es	ref_comb_pval	alt_comb_pval	ref_fdr_comb_pval	alt_fdr_comb_pval	pref_allele	comb_es	comb_pval	fdr_comb_pval	874
chr1	155227670	155227671	1.0	rs2990245	34	C	T	4	-0.2520252697858938	1.4819398923408371	0.9996982564358164	6.17885265074121e-05	1.0	0.021008099012520116	alt	1.4819398923408371	6.17885265074121e-05	0.021008099012520116	874
chr1	155262282	155262283	1.0	rs1046188	22	C	T	3	-0.9189304570549734	1.0922416100452388	0.9075907709711323	0.0007808793348520954	0.9834847557495153	0.08070075410927269	alt	1.0922416100452388	0.0007808793348520954	0.08070075410927269	874
chr1	236795231	236795232	1.0	rs28372871	34	G	T	5	-0.5111945951664185	0.9319651405904218	0.9894771168218951	0.001764273911234584	1.0	0.09997552163662642	alt	0.9319651405904218	0.001764273911234584	0.09997552163662642	874
chr11	71787301	71787302	1.2	rs12787265	63	C	G	5	0.3334376086117755	1.0769499917399976	0.9450204213232841	0.0005631495984777064	0.988529550910967	0.08070075410927269	alt	1.0769499917399976	0.0005631495984777064	0.08070075410927269	874
chr19	42243076	42243077	2.0	rs11878620	42	G	A	5	-0.16494254479997442	1.1933954050803188	0.9140623024024908	0.0011867757957245983	0.9834847557495153	0.08070075410927269	alt	1.1933954050803188	0.0011867757957245983	0.08070075410927269	874
chr19	42243077	42243078	2.0	rs117970118	42	G	C	5	-0.16494254479997442	1.1933954050803188	0.9140623024024908	0.0011867757957245983	0.9834847557495153	0.08070075410927269	alt	1.1933954050803188	0.0011867757957245983	0.08070075410927269	874
