#chr	start	end	mean_bad	id	max_cover	ref	alt	n_reps	ref_comb_es	alt_comb_es	ref_comb_pval	alt_comb_pval	ref_fdr_comb_pval	alt_fdr_comb_pval	pref_allele	comb_es	comb_pval	fdr_comb_pval
chr10	38528687	38528688	1.8333333333333333	rs4934958	58	G	C	3	-0.7007916351191261	1.894514552132272	0.9910272438784176	1.683197211258426e-05	0.9982107919325396	0.054518757672660415	alt	1.894514552132272	1.683197211258426e-05	0.054518757672660415
chr12	38316656	38316657	1.0833333333333333	rs4882284	75	A	G	6	1.2111544300386645	-0.352530553186908	6.343195573120334e-06	0.9993862229143158	0.008011256663540623	1.0	ref	1.2111544300386645	6.343195573120334e-06	0.008011256663540623
chr12	38316720	38316721	1.0833333333333333	rs7315028	64	G	A	6	1.0240032045236298	-0.4866436814009233	0.00011756963533295209	0.9955376318306864	0.07616160976868637	1.0	ref	1.0240032045236298	0.00011756963533295209	0.07616160976868637
chr12	38316780	38316781	1.125	rs7296576	42	C	T	4	1.4821977333618575	-1.4958865132234145	7.420120404637811e-06	0.9999688313938863	0.008011256663540623	1.0	ref	1.4821977333618575	7.420120404637811e-06	0.008011256663540623
chr3	130111581	130111582	1.0	rs72990317	45	A	G	4	1.809861186435327	-0.7807480182242004	1.2836002458513833e-06	0.9999982871310842	0.004157581196312631	1.0	ref	1.809861186435327	1.2836002458513833e-06	0.004157581196312631
chr6	80004495	80004496	1.0	rs465480	61	G	C	6	1.220769987818152	-0.3291657729784795	9.508068040333857e-05	0.9980196124266673	0.07616160976868637	1.0	ref	1.220769987818152	9.508068040333857e-05	0.07616160976868637
